newspaper,language,date,url,text,toxicity,severe_toxicity,obscene,identity_attack,insult,threat,sexual_explicit,positive,neutral,negative
Fox News,en,2026-09-25T16:39:56.855376+00:00,https://www.foxnews.com/politics/ex-dem-insider-blows-lid-off-fundraising-gimmicks-during-2024-election-pyramid-scheme,Ex-Dem insider blows lid off fundraising 'gimmicks' during 2024 election,0.001261,0.000022,0.000253,0.000086,0.000494,0.000049,0.000034,0.000000,0.000000,100.000000
Fox News,en,2026-09-25T16:39:56.855376+00:00,https://www.foxnews.com/health/popular-weight-loss-drugs-play-surprising-role-cancer-outcomes,"Weight-loss drugs show unexpected connection to cancer, researchers say",0.000340,0.000033,0.000154,0.000103,0.000138,0.000049,0.000041,0.000000,100.000000,0.000000
Fox News,en,2026-09-25T16:39:56.855376+00:00,https://www.foxnews.com/politics/trump-revives-supreme-court-immigration-showdown-hochul-pardon-torpedoed-first-case,Trump finds new path to SCOTUS after Hochul pardon derailed immigration case,0.000414,0.000021,0.000108,0.000106,0.000173,0.000040,0.000021,0.000000,0.000000,100.000000
Fox News,en,2026-09-25T16:39:56.855376+00:00,https://www.foxnews.com/travel/man-searching-metal-detector-unearths-massive-viking-age-fortune-shattering-records,Massive Viking Age fortune stumbled upon by hobbyist in record-breaking discovery,0.000470,0.000032,0.000231,0.000101,0.000289,0.000038,0.000025,100.000000,0.000000,0.000000
Fox News,en,2026-09-25T16:39:56.855376+00:00,https://www.foxnews.com/entertainment/meghan-markle-outing-ellen-degeneres-exposes-irony-royal-quiet-country-life-expert,Meghan Markle outing sends message about her UK future: expert,0.000532,0.000048,0.000390,0.000162,0.000522,0.000050,0.000040,0.000000,100.000000,0.000000
Fox News,en,2026-09-25T16:39:56.855376+00:00,https://www.foxnews.com/outkick-sports/sec-might-have-more-headliners-big-12-most-underrated-matchup-week-4,The Big 12 showdown nobody's talking about could steal the whole weekend,0.000662,0.000019,0.000133,0.000085,0.000234,0.000036,0.000020,0.000000,0.000000,100.000000
Fox News,en,2026-09-25T16:39:56.855376+00:00,https://www.foxnews.com/politics/red-carpet-despot-trumps-lavish-xi-welcome-collides-gop-anti-communism-message,Republican senators slam President Trump's lavish welcome for Xi Jinping,0.008986,0.000026,0.000375,0.000175,0.004304,0.000113,0.000100,100.000000,0.000000,0.000000
Fox News,en,2026-09-25T16:39:56.855376+00:00,https://www.foxnews.com/video/6405597181112,"‘American Idol’ alum’s mistress forced to read their 100,000 private texts in court",0.020628,0.000033,0.000387,0.000554,0.011220,0.000139,0.000160,0.000000,0.000000,100.000000
Fox News,en,2026-09-25T16:39:56.855376+00:00,https://www.foxnews.com/live-news/ai-leaders-trump-xi-xinping-state-dinner-white-house,City looks to become first to regulate AI companies — and introduce a 'kill switch',0.016768,0.000160,0.000423,0.000741,0.000428,0.010697,0.000191,100.000000,0.000000,0.000000
Fox News,en,2026-09-25T16:39:56.855376+00:00,https://www.foxnews.com/us/dozens-pledges-found-covered-food-sweltering-frat-basement-police-investigate-alleged-hazing,Police make disturbing discovery in sweltering frat basement during hazing probe,0.000965,0.000022,0.000158,0.000090,0.000351,0.000047,0.000029,0.000000,0.000000,100.000000
Fox News,en,2026-09-25T16:39:56.855376+00:00,https://www.foxnews.com/us/ole-miss-victim-identified-narcotics-task-force-probes-two-student-deaths,Photos of second Ole Miss victim show freshman student in first semester at university,0.000696,0.000017,0.000122,0.000081,0.000317,0.000019,0.000036,0.000000,100.000000,0.000000
Fox News,en,2026-09-25T16:39:56.855376+00:00,https://www.foxbusiness.com/video/6405597318112,Hackers took home a stolen Flock camera — and what they found was massive,0.000697,0.000023,0.000129,0.000124,0.000223,0.000034,0.000022,0.000000,0.000000,100.000000
Fox News,en,2026-09-25T16:39:56.855376+00:00,https://www.foxnews.com/entertainment/ed-sheeran-concertgoers-warn-artists-sharing-political-views-alienate-fans,Ed Sheeran concertgoers warn musicians who share political views publicly,0.002187,0.000137,0.001678,0.000685,0.001350,0.000123,0.000116,0.000000,100.000000,0.000000
Fox News,en,2026-09-25T16:39:56.855376+00:00,https://www.foxnews.com/video/6405627470112,From coast to coast without touching the controls: Autonomous plane makes history,0.000534,0.000069,0.000631,0.000139,0.000460,0.000094,0.000057,100.000000,0.000000,0.000000
Fox News,en,2026-09-25T16:39:56.855376+00:00,https://www.foxnews.com/politics/mike-lee-explodes-voting-error-keeps-happening-huge-number-noncitizens-found-rolls,Huge number of noncitizens found on voter rolls as senator explodes on 'honor system',0.003768,0.000016,0.000201,0.000229,0.001335,0.000045,0.000028,0.000000,0.000000,100.000000
Fox News,en,2026-09-25T16:39:56.855376+00:00,https://www.foxnews.com/outkick-sports/al-michaels-brutal-showing-nfl-fans-didnt-let-slide,NFL fans don't hold back on 81-year-old Al Michaels after another brutal outing,0.002185,0.000035,0.000476,0.000112,0.000691,0.000079,0.000121,0.000000,0.000000,100.000000
Fox News,en,2026-09-25T16:39:56.855376+00:00,https://www.foxnews.com/us/suspect-pittsburgh-doctors-murder-released-without-bail-prior-burglary-charge-court-docs,"Suspect in doctor's home invasion murder has lengthy rap sheet, was released on no bail",0.008869,0.000099,0.000814,0.000197,0.001032,0.000360,0.003837,0.000000,0.000000,100.000000
Fox News,en,2026-09-25T16:39:56.855376+00:00,https://www.foxnews.com/media/sunny-hostins-holdout-juror-claim-complicated-conflicting-reports-from-infamous-1991-murder-trial,Sunny Hostin doubles down on holdout juror claim as decades-old accounts conflict,0.000643,0.000019,0.000126,0.000100,0.000311,0.000030,0.000018,0.000000,0.000000,100.000000
Fox News,en,2026-09-25T16:39:56.855376+00:00,https://www.foxbusiness.com/retail/cracker-barrel-upgrading-3-popular-dinner-items-chain-completes-26-store-property-deal,Popular chain upgrading 3 dinner items ahead of 26-store property deal,0.000450,0.000033,0.000197,0.000122,0.000231,0.000046,0.000025,0.000000,100.000000,0.000000
Fox News,en,2026-09-25T16:39:56.855376+00:00,https://www.foxnews.com/entertainment/80s-star-tiffany-steps-dream-role-leaving-hollywood-behind,'80s pop icon says Off-Broadway role fulfills what fame put on hold at 15,0.000436,0.000036,0.000221,0.000155,0.000234,0.000043,0.000028,0.000000,100.000000,0.000000
Fox News,en,2026-09-25T16:39:56.855376+00:00,https://www.foxnews.com/politics/unearthed-clip-exposes-clash-between-el-sayed-ex-gop-rival-muslims-hate-you,Dem Senate nominee's 'Muslims definitely hate you' quote resurfaces in high-stakes race,0.586427,0.000736,0.002322,0.545885,0.040660,0.007739,0.001566,0.000000,0.000000,100.000000
Fox News,en,2026-09-25T16:39:56.855376+00:00,https://www.foxnews.com/deals/levoit-vacuum-amazon-deal,"This $200 cordless vacuum dropped to $130 on Amazon — over 10,000 sold last month",0.000446,0.000021,0.000115,0.000081,0.000234,0.000029,0.000018,0.000000,100.000000,0.000000
Fox News,en,2026-09-25T16:39:56.855376+00:00,https://www.foxweather.com/live-news/live-updates-dangerous-nor-easter-threatens-east-coast-with-major-flooding-and-damaging-winds,Major stadium cancels Ed Sheeran concert as monster nor'easter charges closer,0.022320,0.000060,0.001107,0.000311,0.005710,0.000367,0.000093,0.000000,0.000000,100.000000
Fox News,en,2026-09-25T16:39:56.855376+00:00,https://www.foxnews.com/outkick-sports/exclusive-star-female-golfer-fires-back-sydney-sweeney-critics-shes-got-sex-appeal,"Golfer backs Sydney Sweeney, hammers her critics: 'I just don't understand'",0.012371,0.000046,0.000720,0.000337,0.002480,0.000670,0.000356,0.000000,0.000000,100.000000
Fox News,en,2026-09-25T16:39:56.855376+00:00,https://www.foxnews.com/outkick-sports/final-sophie-cunningham-rally-2026-regular-season-pits-supporters-against-trans-activists-minnesota,Trans activist shouts woman 'should have been aborted' at final Sophie Cunningham rally,0.627482,0.001882,0.003237,0.298568,0.040301,0.136119,0.009934,0.000000,0.000000,100.000000
Fox News,en,2026-09-25T16:39:56.855376+00:00,https://www.foxnews.com/opinion/cut-bull-real-reason-beef-costs-much-what-trump-trying-do,Cut the bull: The real reason beef costs so much — and what Trump is trying to do,0.008366,0.000034,0.000325,0.000127,0.001503,0.000523,0.000127,0.000000,0.000000,100.000000
Fox News,en,2026-09-25T16:39:56.855376+00:00,https://www.foxnews.com/deals/amazon-prime-big-deal-days,"October Prime Day 2026: AirPods drop to $99, Keurig is nearly 50% off and more early deals",0.000292,0.000028,0.000152,0.000089,0.000165,0.000040,0.000026,0.000000,100.000000,0.000000
Fox News,en,2026-09-25T16:39:56.855376+00:00,https://www.foxnews.com/video/6405621955112,Pope Leo to visit French city known for medical miracles,0.001732,0.000054,0.000463,0.000302,0.000591,0.000067,0.000078,100.000000,0.000000,0.000000
Fox News,en,2026-09-25T16:39:56.855376+00:00,https://www.foxnews.com/video/6405626391112,"Teens create financial literacy kits to teach budgeting, saving",0.001374,0.000018,0.000135,0.000111,0.000408,0.000061,0.000030,0.000000,100.000000,0.000000
Fox News,en,2026-09-25T16:39:56.855376+00:00,https://www.foxnews.com/video/6405624021112,UK pilots eject from training jet before fiery crash,0.001304,0.000031,0.000184,0.000214,0.000290,0.000140,0.000034,0.000000,0.000000,100.000000
Fox News,en,2026-09-25T16:39:56.855376+00:00,https://www.foxnews.com/video/6405623792112,Maine lobsterman sues federal government over GPS tracking mandate,0.000616,0.000017,0.000125,0.000084,0.000275,0.000027,0.000020,0.000000,0.000000,100.000000
Fox News,en,2026-09-25T16:39:56.855376+00:00,https://www.foxnews.com/video/6405615176112,Powerful Nor'easter threatens millions along East Coast with major storm surge,0.000568,0.000031,0.000206,0.000110,0.000237,0.000059,0.000026,0.000000,0.000000,100.000000
Fox News,en,2026-09-25T16:39:56.855376+00:00,https://www.foxnews.com/video/6405614882112,Ozempic user claims GLP-1 drug left him legally blind,0.005349,0.000039,0.000442,0.000218,0.002658,0.000087,0.000041,0.000000,0.000000,100.000000
Fox News,en,2026-09-25T16:39:56.855376+00:00,https://www.foxnews.com/video/6405597150112,Rep Anna Paulina Luna: We must understand what an AI moratorium would mean,0.000488,0.000038,0.000217,0.000156,0.000217,0.000054,0.000033,0.000000,100.000000,0.000000
Fox News,en,2026-09-25T16:39:56.855376+00:00,https://www.foxnews.com/video/6405602289112,"The Iranian people are telling the rest of the world 'enough is enough,'  Lisa Daftari says",0.004491,0.000016,0.000107,0.001592,0.000545,0.000076,0.000027,0.000000,100.000000,0.000000
Fox News,en,2026-09-25T16:39:56.855376+00:00,https://www.foxnews.com/video/6405601339112,Popular weight-loss drugs may play surprising role in cancer outcomes,0.000494,0.000030,0.000203,0.000086,0.000164,0.000044,0.000061,0.000000,100.000000,0.000000
Fox News,en,2026-09-25T16:39:56.855376+00:00,https://www.foxnews.com/video/6405600926112,NFL legend discusses Giants' QB situation after Jaxson Dart's brutal injury,0.001591,0.000028,0.000300,0.000086,0.000319,0.000070,0.000066,0.000000,100.000000,0.000000
Fox News,en,2026-09-25T16:39:56.855376+00:00,https://www.foxnews.com/politics/watch-mass-walkout-before-netanyahu-speech-prompts-fiery-response-israeli-prime-minister,Mass UN walkout elicits fiery response from Netanyahu in New York speech,0.005169,0.000088,0.000920,0.000176,0.000732,0.000946,0.000198,0.000000,0.000000,100.000000
Fox News,en,2026-09-25T16:39:56.855376+00:00,https://www.foxnews.com/lifestyle/fox-news-digital-news-quiz-september-25-2026,Which lawyer's social media post sparked trouble? Where did TSA spot this pocketknife?,0.001395,0.000017,0.000215,0.000077,0.000505,0.000042,0.000033,0.000000,0.000000,100.000000
Fox News,en,2026-09-25T16:39:56.855376+00:00,https://www.foxnews.com/media/golden-state-killer-unmasking-monster-ep-1-4,DA warns Golden State Killer's true victim count may never be fully known,0.000934,0.000020,0.000124,0.000114,0.000267,0.000044,0.000021,0.000000,100.000000,0.000000
Fox News,en,2026-09-25T16:39:56.855376+00:00,https://www.foxnews.com/world/fighter-jet-pilots-eject-moments-before-fiery-crash-wales,Huge explosion caught on video after fighter jet pilots crash in the UK,0.000740,0.000060,0.000342,0.000164,0.000200,0.000146,0.000054,0.000000,0.000000,100.000000
Fox News,en,2026-09-25T16:39:56.855376+00:00,https://www.foxnews.com/entertainment/roseanne-barr-calls-former-co-star-brainwashed-bigot-reboot-rightfully-canceled,'Roseanne' co-star fires back after Barr brands him 'brainwashed bigot',0.235321,0.000097,0.002262,0.000579,0.172538,0.000789,0.000876,0.000000,0.000000,100.000000
Fox News,en,2026-09-25T16:39:56.855376+00:00,https://www.foxnews.com/media/social-worker-sues-after-she-says-she-refused-conceal-students-gender-transitions-from-parents,Social worker sues after she says she refused to conceal students’ gender transitions,0.008576,0.000038,0.000220,0.001506,0.001090,0.000135,0.000533,0.000000,0.000000,100.000000
Fox News,en,2026-09-25T16:39:56.855376+00:00,https://www.foxnews.com/outkick-sports/packers-shocking-blowout-loss-falcons-should-put-coach-matt-lafleur-hot-seat,Packers suffer blowout loss to Falcons as head coach faces hot seat,0.015780,0.000121,0.001956,0.000180,0.001448,0.001761,0.000494,0.000000,0.000000,100.000000
Fox News,en,2026-09-25T16:39:56.855376+00:00,https://www.foxnews.com/politics/donalds-rips-opponents-complete-180-dems-2016-words-haunt-tightening-gov-race,Party switching Dem running to replace DeSantis hit with brutal flashback from Donalds,0.006317,0.000028,0.000347,0.000117,0.001469,0.000195,0.000059,0.000000,0.000000,100.000000
Fox News,en,2026-09-25T16:39:56.855376+00:00,https://www.foxnews.com/outkick-sports/democrat-politicians-betraying-voters-trans-sports-issue,Only two senators bothered showing up to the women's hearing and left within an hour,0.008281,0.000150,0.000911,0.001968,0.002422,0.000371,0.000858,0.000000,0.000000,100.000000
Fox News,en,2026-09-25T16:39:56.855376+00:00,https://www.foxnews.com/politics/liberal-justice-hammers-supreme-court-fast-tracking-emergency-docket-cases,Justice Ketanji Brown Jackson slams Supreme Court behavior surrounding emergency docket,0.002247,0.000038,0.000458,0.000144,0.000915,0.000090,0.000054,0.000000,100.000000,0.000000
Fox News,en,2026-09-25T16:39:56.855376+00:00,https://www.foxbusiness.com/real-estate/housing-game-rigged-real-estate-star-exposes-hidden-traps-locking-up-buyers-past-7-rates,Celebrity broker exposes the 'rigged' traps locking up American buyers,0.003859,0.000017,0.000140,0.000327,0.001079,0.000040,0.000025,0.000000,0.000000,100.000000
Fox News,en,2026-09-25T16:39:56.855376+00:00,https://www.foxnews.com/outkick-sports/breaking-up-troy-aikman-joe-buck-big-mistake-espn-bobby-burack,ESPN may let its most valuable NFL broadcaster leave the company after the Super Bowl,0.000536,0.000022,0.000163,0.000090,0.000227,0.000034,0.000026,0.000000,0.000000,100.000000
Fox News,en,2026-09-25T16:39:56.855376+00:00,https://www.foxnews.com/outkick-sports/hooters-iconic-brand-releases-2027-bikini-calendar-packers-disaster-oktoberfest,Hooters crowns an Ohio woman its 2027 cover model in a stunning upset,0.016920,0.000142,0.000751,0.003726,0.003579,0.000647,0.000782,0.000000,0.000000,100.000000
Fox News,en,2026-09-25T16:39:56.855376+00:00,https://www.foxnews.com/media/turning-point-usa-fires-back-ice-shooting-lawyer-over-deleted-charlie-kirk-post,Judge blocks deportation as surveillance footage upends lawyer's account of Texas chase,0.000628,0.000025,0.000118,0.000143,0.000208,0.000049,0.000022,0.000000,0.000000,100.000000
Fox News,en,2026-09-25T16:39:56.855376+00:00,https://www.foxnews.com/outkick-sports/lindsey-vonn-hard-launches-new-relationship-bikini-tinder-date-ghosted-abroad-dating-after-marriage,Lindsey Vonn hard launches her new romance in a bikini with French World Cup skier,0.015690,0.000205,0.002732,0.000480,0.002316,0.000515,0.009154,0.000000,100.000000,0.000000
Fox News,en,2026-09-25T16:39:56.855376+00:00,https://www.foxnews.com/us/michigan-nurse-accused-breaking-bones-bruising-premature-infant-childrens-hospital,Nurse accused of beating premature baby girl 2 days before she went home,0.010776,0.000100,0.000505,0.000455,0.000670,0.000439,0.005082,0.000000,0.000000,100.000000
Fox News,en,2026-09-25T16:39:56.855376+00:00,https://www.foxnews.com/us/sheridan-gormans-mom-scorches-dem-lawmakers-refused-hear-families-slain-americans,Lawmaker told angel families there were 'other things' to do besides listening,0.000321,0.000020,0.000112,0.000084,0.000149,0.000026,0.000021,0.000000,100.000000,0.000000
Fox News,en,2026-09-25T16:39:56.855376+00:00,https://www.foxweather.com/weather-news/hurricane-nolo-hawaii-catastrophic-flooding-rain-september-2026,Hurricane Nolo still intensifying as US state braces for catastrophic flooding,0.000615,0.000024,0.000121,0.000126,0.000178,0.000060,0.000023,0.000000,0.000000,100.000000
Fox News,en,2026-09-25T16:39:56.855376+00:00,https://www.foxnews.com/politics/umass-dartmouth-football-murder-suspect-overstayed-tourist-visa-received-deferred-action-federal-sources,"UMass football murder suspect entered US as tourist, stayed after visa expired: sources",0.006454,0.000097,0.001337,0.000628,0.001605,0.000266,0.000170,0.000000,0.000000,100.000000
Fox News,en,2026-09-25T16:39:56.855376+00:00,https://www.foxnews.com/politics/politics-cartoons-slideshow,Political cartoons of the day,0.000455,0.000047,0.000347,0.000156,0.000418,0.000053,0.000034,0.000000,100.000000,0.000000
Fox News,en,2026-09-25T16:39:56.855376+00:00,https://www.foxnews.com/travel/mayday-call-captures-pilots-urgent-warning-aircraft-goes-down-off-coast,Pilot issues dramatic mayday call before aircraft plunges into Pacific Ocean,0.000642,0.000037,0.000208,0.000149,0.000234,0.000085,0.000029,0.000000,0.000000,100.000000
Fox News,en,2026-09-25T16:39:56.855376+00:00,https://www.foxnews.com/entertainment/macklemore-slammed-performative-announcing-free-palestine-tour,Macklemore's new 'Free Palestine Tour' draws swift backlash from critics,0.001970,0.000025,0.000191,0.000232,0.000552,0.000063,0.000026,0.000000,0.000000,100.000000
Fox News,en,2026-09-25T16:39:56.855376+00:00,https://www.foxbusiness.com/retail/lowes-partners-doordash-alphabets-wing-aviation-drone-delivery-service,Lowe's becomes first home improvement retailer to launch drone delivery,0.000508,0.000023,0.000132,0.000097,0.000181,0.000045,0.000021,100.000000,0.000000,0.000000
Fox News,en,2026-09-25T16:39:56.855376+00:00,https://www.foxnews.com/media/fun-fact-africa-larger-than-u-s-china-india-mexico-most-europe-combined,How the theft of the Mona Lisa in 1911 led police to arrest Pablo Picasso,0.000860,0.000025,0.000178,0.000117,0.000288,0.000045,0.000026,0.000000,0.000000,100.000000
Fox News,en,2026-09-25T16:39:56.855376+00:00,https://www.foxnews.com/entertainment/george-clooney-rushes-rande-gerber-cindy-crawford-side-after-son-presleys-death,Movie star rushes to Rande Gerber's side after son Presley's tragic death,0.000990,0.000024,0.000198,0.000098,0.000278,0.000055,0.000032,0.000000,0.000000,100.000000
Fox News,en,2026-09-25T16:39:56.855376+00:00,https://www.foxnews.com/media/ruthless-hosts-track-down-top-republicans-rnc-midterm-convention-new-fox-nation-special,Stream Ruthless Behind the Scenes: RNC 2026 exclusively on Fox Nation,0.000348,0.000166,0.001344,0.000381,0.001022,0.000126,0.000082,0.000000,100.000000,0.000000
Fox News,en,2026-09-25T16:39:56.855376+00:00,https://www.foxnews.com/entertainment/test-your-pop-culture-from-hollywood-heartland-24,Guess which '80s Western reunited its famous cast nearly 40 years later,0.000373,0.000051,0.000357,0.000138,0.000339,0.000050,0.000033,0.000000,100.000000,0.000000
Fox News,en,2026-09-25T16:39:56.855376+00:00,https://nation.foxnews.com/?cmpid=org=NAT::ag=owned::mc=FNC_display::src=FNC_web::cmp=Homepage::add=LindsayClancy_SnackBar&utm_source=FNC_display&utm_medium=FNC_web&utm_campaign=Homepage&utm_content=LindsayClancy_SnackBar,Stream Behind Closed Doors: The Lindsay Clancy Case exclusively on Fox Nation!,0.000397,0.000031,0.000234,0.000101,0.000252,0.000047,0.000030,0.000000,100.000000,0.000000
Fox News,en,2026-09-25T16:39:56.855376+00:00,https://nation.foxnews.com/?cmpid=org=NAT::ag=owned::mc=FNC_display::src=FNC_web::cmp=Homepage::add=GoldenStateKiller_SnackBar&utm_source=FNC_display&utm_medium=FNC_web&utm_campaign=Homepage&utm_content=GoldenStateKiller_SnackBar,Stream Golden State Killer: Unmasking a Monster exclusively on Fox Nation!,0.013799,0.000134,0.000579,0.000813,0.000723,0.005227,0.000136,0.000000,100.000000,0.000000
Fox News,en,2026-09-25T16:39:56.855376+00:00,https://www.foxnews.com/games,"PLAY NOW! Crosswords, Word Search, Sudoku, Icon Match & 5 Across!",0.000388,0.000055,0.000411,0.000176,0.000372,0.000082,0.000042,0.000000,100.000000,0.000000
Fox News,en,2026-09-25T16:39:56.855376+00:00,https://www.fox.com/sports/football/college-football?cmpid=org%3Done%3A%3Aag%3Dsynergy%3A%3Amc%3Ddisplay%3A%3Asrc%3Dfn%3A%3Acmp%3D100_o1_th1%3A%3Acont%3Dm2_tp10%3A%3Aadd%3D04_29_02_00_44_38_07,The Fighting Illini take on the Buckeyes in a massive Big Noon Saturday matchup. Stream Illinois vs Ohio State LIVE Sat 12P ET on FOX One. Watch 3 days free.,0.000372,0.000028,0.000149,0.000103,0.000174,0.000047,0.000025,0.000000,100.000000,0.000000
Fox News,en,2026-09-25T16:39:56.855376+00:00,https://www.foxnews.com/deals/iphone-18-duo-accessories,"Got the new iPhone 18? Shop cases, chargers and early iPhone Duo accessories from $8",0.000257,0.000030,0.000152,0.000096,0.000158,0.000040,0.000026,0.000000,100.000000,0.000000
Fox News,en,2026-09-25T16:39:56.855376+00:00,https://www.foxnews.com/outkick-sports/packers-tight-end-tucker-kraft-hears-boos-lambeau-field-fans-offers-tone-deaf-response,Packers tight end Tucker Kraft hears boos from Lambeau Field fans and offers tone deaf response,0.008811,0.000036,0.000629,0.000106,0.004219,0.000182,0.000115,0.000000,0.000000,100.000000
Fox News,en,2026-09-25T16:39:56.855376+00:00,https://www.foxnews.com/outkick-sports/sec-might-have-more-headliners-big-12-most-underrated-matchup-week-4,"The SEC might have more headliners, but the Big 12 has the most underrated matchup of week 4",0.001025,0.000012,0.000096,0.000077,0.000490,0.000018,0.000015,100.000000,0.000000,0.000000
Fox News,en,2026-09-25T16:39:56.855376+00:00,https://www.foxnews.com/outkick-sports/jayden-daniels-expected-back-within-month-commanders-rule-out-surgery-dislocated-elbow,Jayden Daniels expected back within a month as Commanders rule out surgery on dislocated elbow,0.000584,0.000018,0.000116,0.000089,0.000204,0.000036,0.000022,0.000000,100.000000,0.000000
Fox News,en,2026-09-25T16:39:56.855376+00:00,https://www.foxnews.com/outkick-sports/hooters-iconic-brand-releases-2027-bikini-calendar-packers-disaster-oktoberfest,"Hooters isn't dead yet as iconic brand releases 2027 bikini calendar, Packers disaster & Oktoberfest",0.000756,0.000060,0.000519,0.000278,0.000361,0.000084,0.000065,0.000000,0.000000,100.000000
Fox News,en,2026-09-25T16:39:56.855376+00:00,https://www.foxnews.com/media/tpusa-school-clash-spirals-threats-outrage-mother-denies-touching-screaming-indiana-teen,"TPUSA school clash spirals into threats and outrage as mother denies touching, screaming at Indiana teen",0.027863,0.000041,0.000416,0.001255,0.005381,0.000202,0.000245,0.000000,0.000000,100.000000
Fox News,en,2026-09-25T16:39:56.855376+00:00,https://www.foxnews.com/media/ill-settle-not-crazy-denver-business-leaders-brace-socialist-shift-after-big-win-dsa,‘I’ll settle for not crazy’: Denver business leaders brace for socialist shift after big win for DSA,0.099140,0.000024,0.000580,0.000158,0.084415,0.000132,0.000133,100.000000,0.000000,0.000000
Fox News,en,2026-09-25T16:39:56.855376+00:00,https://www.foxnews.com/media/grocery-boss-warns-mamdanis-city-run-stores-pit-government-against-its-own-citizens,Grocery boss warns Mamdani's city-run stores pit government against 'its own citizens',0.000942,0.000024,0.000132,0.000158,0.000313,0.000036,0.000021,0.000000,0.000000,100.000000
Fox News,en,2026-09-25T16:39:56.855376+00:00,https://www.foxnews.com/media/colorados-socialist-surge-shakes-democratic-establishment,Colorado's socialist surge shakes up the Democratic establishment,0.001496,0.000018,0.000132,0.000152,0.000382,0.000047,0.000024,100.000000,0.000000,0.000000
Fox News,en,2026-09-25T16:39:56.855376+00:00,https://www.foxnews.com/opinion/worst-bet-america-isnt-kalshi-polymarket-hiding-plain-sight,The worst bet in America isn't Kalshi or Polymarket. It's hiding in plain sight,0.003285,0.000019,0.000258,0.000215,0.001231,0.000035,0.000023,0.000000,0.000000,100.000000
Fox News,en,2026-09-25T16:39:56.855376+00:00,https://www.foxnews.com/outkick-culture/millennials-cheer-toys-r-us-comeback-key-piece-data-reveals-dystopian-reason-return,"While Millennials cheer Toys R Us comeback, key piece of data reveals dystopian reason for its return",0.000556,0.000019,0.000122,0.000111,0.000215,0.000031,0.000021,100.000000,0.000000,0.000000
Fox News,en,2026-09-25T16:39:56.855376+00:00,https://www.foxnews.com/opinion/american-businesses-arent-allowed-build-time-congress-helped-them,American businesses aren’t allowed to build. It’s time Congress helped them,0.000787,0.000019,0.000115,0.000155,0.000214,0.000042,0.000020,0.000000,0.000000,100.000000
Fox News,en,2026-09-25T16:39:56.855376+00:00,https://www.foxnews.com/media/uap-whistleblower-stunning-claim-secrets-government-recovered-craft,UAP whistleblower makes stunning claim about secrets behind government’s recovered craft,0.000632,0.000016,0.000111,0.000081,0.000270,0.000025,0.000018,100.000000,0.000000,0.000000
Fox News,en,2026-09-25T16:39:56.855376+00:00,https://www.foxnews.com/media/friend-slain-pregnant-texas-woman-calls-death-penalty-removal-biggest-relief-months,Friend of slain pregnant Texas woman calls death penalty removal the 'biggest relief in months',0.014045,0.000212,0.000664,0.004106,0.000857,0.001965,0.002226,100.000000,0.000000,0.000000
Fox News,en,2026-09-25T16:39:56.855376+00:00,https://www.foxnews.com/media/kappa-kappa-gamma-member-says-transgender-membership-policy-undermines-sorority-sisterhood,Kappa Kappa Gamma member says transgender membership policy undermines sorority sisterhood,0.056651,0.000212,0.001620,0.032681,0.002646,0.000232,0.000469,0.000000,0.000000,100.000000
Fox News,en,2026-09-25T16:39:56.855376+00:00,https://www.foxnews.com/media/rubio-questions-point-nato-allies-blocked-us-using-bases-iran-conflict,Rubio questions ‘point’ of NATO after allies blocked US from using bases during Iran conflict,0.000465,0.000025,0.000113,0.000148,0.000164,0.000045,0.000023,0.000000,0.000000,100.000000
Fox News,en,2026-09-25T16:39:56.855376+00:00,https://www.foxnews.com/politics/unearthed-el-sayed-called-repealing-law-made-sex-without-disclosing-hiv-status-felony,Unearthed: El-Sayed called for repealing law that made sex without disclosing HIV status a felony,0.240699,0.000727,0.002053,0.004420,0.002055,0.001614,0.301679,0.000000,0.000000,100.000000
Fox News,en,2026-09-25T16:39:56.855376+00:00,https://www.foxnews.com/politics/supreme-court-allows-trump-admin-use-federal-voter-eligibility-database-during-appeal,Supreme Court allows Trump admin to use federal voter eligibility database during appeal,0.000654,0.000020,0.000104,0.000131,0.000241,0.000032,0.000020,0.000000,100.000000,0.000000
Fox News,en,2026-09-25T16:39:56.855376+00:00,https://www.foxnews.com/media/more-americans-than-ever-positive-view-socialism-new-poll-says,"More Americans than ever now have a positive view of socialism, new poll says",0.000813,0.000032,0.000169,0.000213,0.000224,0.000044,0.000023,0.000000,100.000000,0.000000
Fox News,en,2026-09-25T16:39:56.855376+00:00,https://www.foxnews.com/politics/red-carpet-despot-trumps-lavish-xi-welcome-collides-gop-anti-communism-message,'Red carpet for a despot': Trump's lavish Xi welcome collides with GOP anti-communism message,0.294779,0.000023,0.000312,0.000433,0.241565,0.000089,0.000064,0.000000,0.000000,100.000000
Fox News,en,2026-09-25T16:39:56.855376+00:00,https://www.foxnews.com/tech/hacker-claims-7-49m-customer-records-stolen-from-american-utility-company,Hacker claims 7.49M customer records stolen from American utility company,0.000900,0.000026,0.000173,0.000169,0.000314,0.000046,0.000024,0.000000,0.000000,100.000000
Fox News,en,2026-09-25T16:39:56.855376+00:00,https://www.foxnews.com/politics/fbi-source-jobs-portal-breach-still-unknown-hackers-allege-employee-data-compromised,FBI says source of its jobs portal breach still unknown as hackers allege employee data compromised,0.000682,0.000024,0.000136,0.000146,0.000200,0.000037,0.000024,0.000000,0.000000,100.000000
Fox News,en,2026-09-25T16:39:56.855376+00:00,https://www.foxnews.com/tech/secret-list-tells-scammers-youre-easy-target,The secret list that tells scammers you're an easy target,0.029545,0.000025,0.000726,0.000363,0.013503,0.000103,0.000051,0.000000,100.000000,0.000000
Fox News,en,2026-09-25T16:39:56.855376+00:00,https://www.foxnews.com/opinion/son-miracle-testament-prayer-fulton-sheen-intercession,Our son’s miracle is a testament to prayer and Fulton Sheen’s intercession,0.000399,0.000015,0.000096,0.000069,0.000197,0.000024,0.000021,100.000000,0.000000,0.000000
Fox News,en,2026-09-25T16:39:56.855376+00:00,https://www.foxnews.com/world/fighter-jet-pilots-eject-moments-before-fiery-crash-wales,Fighter jet pilots eject moments before fiery crash in Wales,0.000802,0.000035,0.000294,0.000125,0.000364,0.000076,0.000037,0.000000,0.000000,100.000000
Fox News,en,2026-09-25T16:39:56.855376+00:00,https://www.foxnews.com/world/pope-leo-xiv-begins-historic-4-day-visit-france,Pope Leo XIV begins historic 4-day visit to France,0.001273,0.000054,0.000284,0.000358,0.000493,0.000084,0.000076,100.000000,0.000000,0.000000
Fox News,en,2026-09-25T16:39:56.855376+00:00,https://www.foxnews.com/world/iranian-president-blames-us-middle-east-conflict-denying-nuclear-ambitions-offers-dilute-uranium,"Iranian president blames US for Middle East conflict while denying nuclear ambitions, offers to dilute uranium",0.001047,0.000028,0.000129,0.000236,0.000229,0.000102,0.000028,0.000000,0.000000,100.000000
Fox News,en,2026-09-25T16:39:56.855376+00:00,https://www.foxnews.com/world/reporters-notebook-call-free-iran-echoes-united-nations,Reporter's Notebook: Call for a free Iran echoes at the United Nations,0.000464,0.000027,0.000131,0.000165,0.000183,0.000047,0.000025,0.000000,100.000000,0.000000
Fox News,en,2026-09-25T16:39:56.855376+00:00,https://www.foxnews.com/opinion/rep-ted-lieu-robots-arent-threat-depraved-ai-already-here-should-scare-you,REP TED LIEU: The robots aren't the threat. It's the 'depraved' AI already here that should scare you,0.049526,0.000055,0.003576,0.000145,0.013967,0.000090,0.000166,0.000000,0.000000,100.000000
Fox News,en,2026-09-25T16:39:56.855376+00:00,https://www.foxnews.com/opinion/china-taking-fight-stars-america-must-reclaim-space-supremacy,China is taking the fight to the stars. America must reclaim space supremacy,0.001254,0.000019,0.000082,0.000282,0.000181,0.000086,0.000024,0.000000,100.000000,0.000000
Fox News,en,2026-09-25T16:39:56.855376+00:00,https://www.foxnews.com/health/popular-weight-loss-drugs-play-surprising-role-cancer-outcomes,Popular weight-loss drugs may play surprising role in cancer outcomes,0.000494,0.000030,0.000203,0.000086,0.000164,0.000044,0.000061,0.000000,100.000000,0.000000
Fox News,en,2026-09-25T16:39:56.855376+00:00,https://www.foxnews.com/health/strokes-nearly-double-adults-under-certain-age-disturbing-trend,Strokes nearly double among adults under a certain age in disturbing trend,0.001373,0.000032,0.000238,0.000085,0.000513,0.000084,0.000090,0.000000,0.000000,100.000000
Fox News,en,2026-09-25T16:39:56.855376+00:00,https://www.foxnews.com/health/people-ditching-vapes-pick-up-surprising-habit,People are ditching their vapes only to pick up another surprising habit,0.000615,0.000018,0.000135,0.000081,0.000271,0.000030,0.000020,0.000000,0.000000,100.000000
Fox News,en,2026-09-25T16:39:56.855376+00:00,https://www.foxnews.com/health/miracle-hudson-hero-sully-sullenberger-reveals-alzheimers-warning-signs-missed-years-ago,‘Miracle on the Hudson’ hero Sully Sullenberger reveals Alzheimer’s warning signs he missed years ago,0.001955,0.000141,0.000445,0.000265,0.001030,0.000234,0.000114,0.000000,100.000000,0.000000
Fox News,en,2026-09-25T16:39:56.855376+00:00,https://www.foxnews.com/us/dozens-pledges-found-covered-food-sweltering-frat-basement-police-investigate-alleged-hazing,Dozens of pledges found covered in food in sweltering frat basement as police investigate alleged hazing,0.002432,0.000027,0.000500,0.000076,0.000982,0.000043,0.000068,0.000000,0.000000,100.000000
Fox News,en,2026-09-25T16:39:56.855376+00:00,https://www.foxnews.com/us/suspect-pittsburgh-doctors-murder-released-without-bail-prior-burglary-charge-court-docs,Suspect in Pittsburgh doctor's murder had been released without bail on prior burglary charge: court docs,0.000813,0.000022,0.000191,0.000076,0.000301,0.000035,0.000034,0.000000,0.000000,100.000000
Fox News,en,2026-09-25T16:39:56.855376+00:00,https://www.foxnews.com/media/sunny-hostins-holdout-juror-claim-complicated-conflicting-reports-from-infamous-1991-murder-trial,Sunny Hostin's holdout juror claim complicated by conflicting reports from infamous 1991 murder trial,0.000658,0.000021,0.000156,0.000095,0.000374,0.000026,0.000018,0.000000,0.000000,100.000000
Fox News,en,2026-09-25T16:39:56.855376+00:00,https://www.foxnews.com/us/ole-miss-victim-identified-narcotics-task-force-probes-two-student-deaths,Ole Miss names students found dead as official addresses potential for foul play,0.006243,0.000021,0.000410,0.000081,0.002431,0.000071,0.000074,0.000000,0.000000,100.000000
Fox News,en,2026-09-25T16:39:56.855376+00:00,https://www.foxnews.com/us/fellow-vet-remembers-late-army-paratrooper-helped-fox-news-reporter-afghans-helene-victims-send-me,"Friend remembers late Army paratrooper who helped Fox News reporter, Afghans and Helene victims: 'Send me'",0.002863,0.000018,0.000220,0.000309,0.000807,0.000041,0.000032,0.000000,100.000000,0.000000
Fox News,en,2026-09-25T16:39:56.855376+00:00,https://www.foxnews.com/us/steel-across-america-ends-cross-country-911-memorial-ny-giants-game,Steel Across America ends its cross-country 9/11 memorial at NY Giants game,0.000681,0.000036,0.000247,0.000142,0.000264,0.000067,0.000032,0.000000,100.000000,0.000000
Fox News,en,2026-09-25T16:39:56.855376+00:00,https://www.foxnews.com/outkick-analysis/universities-across-america-honor-victims-9-11-terrorist-attacks-memorial-stair-climbs,Universities across America honor the victims of the 9/11 terrorist attacks with memorial stair climbs,0.002227,0.000034,0.000114,0.000479,0.000219,0.000070,0.000028,0.000000,100.000000,0.000000
Fox News,en,2026-09-25T16:39:56.855376+00:00,https://www.foxnews.com/politics/frontline-nato-ally-shares-shocking-take-russian-invasion-threat,Frontline NATO ally shares shocking take on Russian invasion threat,0.001434,0.000034,0.000169,0.000344,0.000306,0.000115,0.000031,0.000000,0.000000,100.000000
Fox News,en,2026-09-25T16:39:56.855376+00:00,https://www.foxnews.com/travel/mayday-call-captures-pilots-urgent-warning-aircraft-goes-down-off-coast,Mayday call captures pilot's urgent warning before aircraft goes down off coast,0.001165,0.000039,0.000157,0.000203,0.000179,0.000202,0.000035,0.000000,100.000000,0.000000
Fox News,en,2026-09-25T16:39:56.855376+00:00,https://www.foxnews.com/world/nato-ally-pushes-fort-trump-us-military-base-russian-helicopter-penetrates-airspace,NATO ally pushes ‘Fort Trump’ US military base as Russian helicopter penetrates airspace,0.002466,0.000045,0.000210,0.000315,0.000329,0.000260,0.000051,0.000000,100.000000,0.000000
Fox News,en,2026-09-25T16:39:56.855376+00:00,https://www.foxnews.com/entertainment/80s-star-tiffany-steps-dream-role-leaving-hollywood-behind,'80s star Tiffany steps into dream role after leaving Hollywood behind,0.000488,0.000019,0.000131,0.000079,0.000194,0.000027,0.000025,0.000000,100.000000,0.000000
Fox News,en,2026-09-25T16:39:56.855376+00:00,https://www.foxnews.com/entertainment/meghan-markle-outing-ellen-degeneres-exposes-irony-royal-quiet-country-life-expert,Meghan Markle’s outing with Ellen DeGeneres exposes 'irony' in royal’s ‘quiet country life’: expert,0.001065,0.000017,0.000166,0.000111,0.000537,0.000023,0.000038,0.000000,0.000000,100.000000
Fox News,en,2026-09-25T16:39:56.855376+00:00,https://www.foxnews.com/entertainment/ed-sheeran-concertgoers-warn-artists-sharing-political-views-alienate-fans,Ed Sheeran concertgoers warn artists about sharing political views: 'You're going to alienate' fans,0.016159,0.000037,0.000270,0.001671,0.001162,0.000587,0.000212,0.000000,0.000000,100.000000
Fox News,en,2026-09-25T16:39:56.855376+00:00,https://www.foxnews.com/entertainment/sydney-sweeney-subtle-nod-boyfriend-scooter-braun-new-lingerie-campaign,Sydney Sweeney gives subtle nod to boyfriend Scooter Braun in new lingerie campaign,0.001473,0.000028,0.000416,0.000108,0.001027,0.000031,0.000042,100.000000,0.000000,0.000000
Fox News,en,2026-09-25T16:39:56.855376+00:00,https://www.foxnews.com/sports/mlb-postseason-wild-card-playoffs-standings-2026,"2026 MLB Playoff Picture, Standings: Cubs, White Sox, Guardians, Padres Clinch Spots",0.000667,0.000146,0.000783,0.000649,0.000703,0.000105,0.000070,0.000000,100.000000,0.000000
Fox News,en,2026-09-25T16:39:56.855376+00:00,https://www.foxnews.com/sports/trinidad-chambliss-best-qb-college-football-whats-his-nfl-draft-ceiling,Trinidad Chambliss Is The Best QB In College Football. What's His NFL Draft Ceiling?,0.000604,0.000020,0.000109,0.000158,0.000204,0.000026,0.000024,100.000000,0.000000,0.000000
Fox News,en,2026-09-25T16:39:56.855376+00:00,https://www.foxnews.com/sports/nfl-catchup-giants-keeping-qb-options-open-bears-still-unsure-week-3-starter,NFL Catchup: Giants Keeping QB Options Open; Bears Still Unsure On Week 3 Starter,0.000325,0.000032,0.000167,0.000121,0.000193,0.000045,0.000027,0.000000,100.000000,0.000000
Fox News,en,2026-09-25T16:39:56.855376+00:00,https://www.foxnews.com/sports/yankees-slugger-giancarlo-stanton-could-return-playoffs-after-5-month-absence,Yankees Slugger Giancarlo Stanton Could Return For Playoffs After 5-Month Absence,0.003132,0.000397,0.003168,0.001151,0.003195,0.000730,0.000192,0.000000,100.000000,0.000000
Fox News,en,2026-09-25T16:39:56.855376+00:00,https://www.foxnews.com/us/pittsburgh-doctor-stabbed-death-intruder-allegedly-attacks-wife-slept-police,"Pittsburgh doctor stabbed to death after intruder allegedly attacks him, wife as they slept: police",0.071633,0.000141,0.000337,0.001631,0.000998,0.013896,0.000874,0.000000,0.000000,100.000000
Fox News,en,2026-09-25T16:39:56.855376+00:00,https://www.foxnews.com/lifestyle/meet-devil-actor-plays-satan-judas-iscariot-shares-power-comedy-uncertain-political-times,"Meet 'the devil': Actor who plays Satan, Judas Iscariot shares power of comedy in uncertain political times",0.001261,0.000035,0.000205,0.000158,0.000604,0.000046,0.000029,100.000000,0.000000,0.000000
Fox News,en,2026-09-25T16:39:56.855376+00:00,https://www.foxnews.com/us/corie-walsh-husband-faces-alleged-killer-mom-accused-plotting-poison-attorney-lays-blame,Corie Walsh’s husband faces alleged killer mom accused of plotting to poison him as attorney lays blame,0.076062,0.000050,0.000261,0.000244,0.010941,0.002163,0.000355,0.000000,0.000000,100.000000
Fox News,en,2026-09-25T16:39:56.855376+00:00,https://www.foxnews.com/media/nikole-hannah-jones-friend-sends-black-son-private-school-nyt-writer-education-regrets,Nikole Hannah-Jones' friend sends Black son to private school after NYT writer has education regrets,0.038668,0.000296,0.001005,0.027143,0.003969,0.000620,0.000425,0.000000,0.000000,100.000000
Fox News,en,2026-09-25T16:39:56.855376+00:00,https://www.foxnews.com/us/florida-couple-recounts-miraculous-rescue-surviving-harrowing-lightning-strike-evening-stroll,Florida couple recounts 'miraculous' rescue after surviving harrowing lightning strike during evening stroll,0.000384,0.000021,0.000126,0.000091,0.000186,0.000033,0.000022,0.000000,0.000000,100.000000
Fox News,en,2026-09-25T16:39:56.855376+00:00,https://www.foxbusiness.com/economy/reducing-2t-federal-deficit-could-lower-inflation-interest-rates-americans-crfb,"Reducing the $2T federal deficit could lower inflation, interest rates for Americans: CRFB",0.000408,0.000022,0.000122,0.000087,0.000188,0.000036,0.000021,0.000000,100.000000,0.000000
Fox News,en,2026-09-25T16:39:56.855376+00:00,https://www.foxbusiness.com/technology/banks-warn-ai-shopping-agents-could-increase-risk-scams-fraud-data-privacy-breaches,"Banks warn AI shopping agents could increase risk of scams, fraud and data privacy breaches",0.000717,0.000021,0.000099,0.000126,0.000203,0.000036,0.000019,0.000000,0.000000,100.000000
Fox News,en,2026-09-25T16:39:56.855376+00:00,https://www.foxbusiness.com/personal-finance/americans-average-401k-balance-reaches-record-high-fidelity-data-shows,"Americans' average 401(k) balance reaches record high, Fidelity data shows",0.000419,0.000017,0.000103,0.000080,0.000183,0.000028,0.000020,0.000000,100.000000,0.000000
Fox News,en,2026-09-25T16:39:56.855376+00:00,https://www.foxbusiness.com/economy/americans-splurged-smarter-summer-micro-vacations-travel-stacking,Americans splurged smarter this summer with micro-vacations and travel stacking,0.001771,0.000017,0.000112,0.000195,0.000719,0.000029,0.000016,100.000000,0.000000,0.000000
Fox News,en,2026-09-25T16:39:56.855376+00:00,https://www.foxnews.com/tech/fox-news-ai-newsletter-tech-company-says-scientific-discovery-could-change-medicine,Fox News AI Newsletter: Tech company says scientific discovery could change medicine,0.000237,0.000072,0.000386,0.000162,0.000226,0.000065,0.000044,0.000000,100.000000,0.000000
Fox News,en,2026-09-25T16:39:56.855376+00:00,https://www.foxnews.com/tech/everyone-bricking-phone-stop-doomscrolling,Is everyone bricking their phone to stop doomscrolling?,0.005471,0.000028,0.000332,0.000138,0.002182,0.000135,0.000043,0.000000,0.000000,100.000000
Fox News,en,2026-09-25T16:39:56.855376+00:00,https://www.foxnews.com/entertainment/david-charvet-admits-walked-away-hollywood-baywatch-focus-fatherhood,David Charvet admits he walked away from Hollywood after 'Baywatch' to focus on fatherhood,0.000673,0.000014,0.000109,0.000063,0.000284,0.000023,0.000026,0.000000,100.000000,0.000000
Fox News,en,2026-09-25T16:39:56.855376+00:00,https://www.foxnews.com/entertainment/home-improvement-star-jonathan-taylor-thomas-arrested-alleged-public-intoxication-resisting-deputy,"'Home Improvement' star Jonathan Taylor Thomas arrested for alleged public intoxication, resisting deputy",0.001237,0.000017,0.000146,0.000070,0.000448,0.000036,0.000035,0.000000,0.000000,100.000000
Fox News,en,2026-09-25T16:39:56.855376+00:00,https://www.foxnews.com/entertainment/hayden-panettiere-cause-death-revealed,Hayden Panettiere cause of death revealed,0.001960,0.000740,0.003806,0.000620,0.002751,0.001097,0.000538,0.000000,0.000000,100.000000
Fox News,en,2026-09-25T16:39:56.855376+00:00,https://www.foxnews.com/entertainment/sylvester-stallone-reveals-what-he-said-trump-after-surprise-hollywood-ambassador-appointment,Sylvester Stallone reveals what he said to Trump after surprise Hollywood ambassador appointment,0.000925,0.000017,0.000139,0.000096,0.000435,0.000020,0.000024,0.000000,100.000000,0.000000
Fox News,en,2026-09-25T16:39:56.855376+00:00,https://www.foxbusiness.com/technology/top-ai-companies-call-safety-measures-while-critics-warn-regulation-could-stifle-innovation,Top AI companies call for safety measures while critics warn regulation could stifle innovation,0.000440,0.000023,0.000125,0.000106,0.000172,0.000035,0.000023,0.000000,0.000000,100.000000
Fox News,en,2026-09-25T16:39:56.855376+00:00,https://www.foxbusiness.com/real-estate/housing-game-rigged-real-estate-star-exposes-hidden-traps-locking-up-buyers-past-7-rates,The housing game is 'rigged': Real estate star exposes the hidden traps locking up buyers past 7% rates,0.000664,0.000017,0.000123,0.000084,0.000241,0.000030,0.000020,0.000000,0.000000,100.000000
Fox News,en,2026-09-25T16:39:56.855376+00:00,https://www.foxbusiness.com/technology/ai-expert-warns-machine-speed-cyberthreats-require-faster-defenses-human-led-responses,AI expert warns ‘machine-speed’ cyberthreats may require faster defenses than human-led responses,0.000523,0.000026,0.000132,0.000130,0.000180,0.000047,0.000024,0.000000,100.000000,0.000000
Fox News,en,2026-09-25T16:39:56.855376+00:00,https://www.foxbusiness.com/technology/former-secret-service-cybercrime-expert-weighs-privacy-hackers-breach-stolen-flock-camera,Former Secret Service cybercrime expert weighs in on privacy after hackers breach stolen Flock camera,0.001066,0.000022,0.000120,0.000152,0.000245,0.000045,0.000023,0.000000,0.000000,100.000000
Fox News,en,2026-09-25T16:39:56.855376+00:00,https://www.foxnews.com/politics/bishop-barron-warns-communism-making-comeback-america-ahead-fulton-sheen-beatification,Bishop Barron warns communism ‘making a comeback’ in America ahead of Fulton Sheen beatification,0.000788,0.000037,0.000179,0.000220,0.000296,0.000066,0.000045,0.000000,100.000000,0.000000
Fox News,en,2026-09-25T16:39:56.855376+00:00,https://www.foxnews.com/outkick-sports/dale-earnhardt-broke-hand-punching-man-killed-deer-north-carolina-farm,Dale Earnhardt once broke his hand punching a man who killed a deer on his North Carolina farm,0.040362,0.000260,0.000632,0.003993,0.002331,0.005021,0.000835,0.000000,0.000000,100.000000
Fox News,en,2026-09-25T16:39:56.855376+00:00,https://www.foxnews.com/outkick-sports/nascar-hall-famer-diagnosed-frontotemporal-degeneration-possible-cte-racing,"NASCAR Hall of Famer diagnosed with frontotemporal degeneration, possible CTE from racing",0.002308,0.000049,0.000191,0.000196,0.000983,0.000143,0.000059,0.000000,0.000000,100.000000
Fox News,en,2026-09-25T16:39:56.855376+00:00,https://www.foxnews.com/us/sheriffs-deputy-saves-man-fiery-wreck-high-speed-chase-ends-crash,Sheriff's deputy saves man from fiery wreck after high-speed chase ends in crash,0.002950,0.000094,0.000504,0.000233,0.001429,0.000198,0.000196,0.000000,0.000000,100.000000
Fox News,en,2026-09-25T16:39:56.855376+00:00,https://www.foxnews.com/outkick-sports/simone-biles-buys-new-porsche-old-one-carries-unmistakable-stench-theft,Simone Biles buys a new Porsche because her old one now carries the unmistakable stench of theft,0.007300,0.000040,0.001342,0.000102,0.003636,0.000061,0.000098,0.000000,0.000000,100.000000
Fox News,en,2026-09-25T16:39:56.855376+00:00,https://www.foxnews.com/travel/man-searching-metal-detector-unearths-massive-viking-age-fortune-shattering-records,"Man searching with metal detector unearths massive Viking Age fortune, shattering records",0.002219,0.000282,0.000869,0.001032,0.000681,0.000622,0.000342,0.000000,0.000000,100.000000
Fox News,en,2026-09-25T16:39:56.855376+00:00,https://www.foxnews.com/travel/dna-from-thomas-jeffersons-hair-delivers-compelling-new-evidence-centuries-old-paternity-mystery,DNA from Thomas Jefferson's hair delivers compelling new evidence in centuries-old paternity mystery,0.000738,0.000029,0.000152,0.000134,0.000258,0.000040,0.000029,100.000000,0.000000,0.000000
Fox News,en,2026-09-25T16:39:56.855376+00:00,https://www.foxnews.com/travel/sharp-weapon-discovered-tsa-tucked-inside-unusual-item-passengers-carry-on-bag,Sharp weapon discovered by TSA tucked inside unusual item in passenger's carry-on bag,0.000789,0.000027,0.000155,0.000099,0.000218,0.000076,0.000029,0.000000,100.000000,0.000000
Fox News,en,2026-09-25T16:39:56.855376+00:00,https://www.foxnews.com/entertainment/country-music-star-ella-langley-faces-her-fears-following-record-breaking-week,Country music star Ella Langley faces her fears following record-breaking week,0.000474,0.000049,0.000397,0.000188,0.000467,0.000049,0.000038,0.000000,100.000000,0.000000
Fox News,en,2026-09-25T16:39:56.855376+00:00,https://www.foxnews.com/entertainment/macklemore-slammed-performative-announcing-free-palestine-tour,Macklemore slammed as 'performative' after announcing 'Free Palestine Tour',0.004308,0.000017,0.000212,0.000162,0.002066,0.000036,0.000026,0.000000,0.000000,100.000000
Fox News,en,2026-09-25T16:39:56.855376+00:00,https://www.foxnews.com/food-drink/fast-food-drive-thrus-took-over-american-mornings-key-reasons,Fast-food drive-thrus took over American mornings for these key reasons,0.000666,0.000022,0.000131,0.000136,0.000255,0.000032,0.000022,0.000000,100.000000,0.000000
Fox News,en,2026-09-25T16:39:56.855376+00:00,https://www.foxnews.com/food-drink/americas-beef-supply-shrinks-cattle-farmer-warns-the-numbers-just-not-here-anymore,America's beef supply shrinks as cattle farmer warns 'the numbers are just not here anymore',0.000775,0.000022,0.000118,0.000140,0.000238,0.000041,0.000018,0.000000,0.000000,100.000000
Fox News,en,2026-09-25T16:39:56.855376+00:00,https://www.foxnews.com/food-drink/just-one-small-serving-ultra-processed-food-day-linked-higher-disease-risk-major-study-finds,"Just one small serving of ultra-processed food a day linked to higher disease risk, major study finds",0.000353,0.000031,0.000142,0.000108,0.000161,0.000044,0.000026,0.000000,100.000000,0.000000
Fox News,en,2026-09-25T16:39:56.855376+00:00,https://www.foxnews.com/food-drink/bringing-popular-drink-job-interview-could-hurt-your-chances-experts-warn,"Bringing this popular drink to a job interview could hurt your chances, experts warn",0.000775,0.000016,0.000092,0.000103,0.000223,0.000034,0.000018,0.000000,0.000000,100.000000
Fox News,en,2026-09-25T16:39:56.855376+00:00,https://www.foxweather.com/weather-news/noreaster-begins-its-charge-up-east-coast-impacts-already-being-felt-from-carolinas-new-england,"Strengthening nor’easter brings dangerous coastal flooding, damaging winds as it charges along East Coast",0.000684,0.000025,0.000117,0.000130,0.000225,0.000051,0.000021,0.000000,0.000000,100.000000
Fox News,en,2026-09-25T16:39:56.855376+00:00,https://www.foxweather.com/weather-news/hurricane-nolo-hawaii-catastrophic-flooding-rain-september-2026,"Hurricane Nolo expected to strengthen, bring catastrophic flooding, several feet of rain to Hawaiian Islands",0.000538,0.000027,0.000167,0.000110,0.000182,0.000057,0.000026,0.000000,100.000000,0.000000
Fox News,en,2026-09-25T16:39:56.855376+00:00,https://www.foxweather.com/weather-news/historic-hurricane-polo-takes-aim-mexico-threatens-renewed-flooding-across-southwest,"Historic Hurricane Polo returns to Cat 5 strength to slam Mexico next week, renew Southwest flood threat",0.001754,0.000024,0.000113,0.000319,0.000278,0.000106,0.000025,0.000000,100.000000,0.000000
Fox News,en,2026-09-25T16:39:56.855376+00:00,https://www.foxweather.com/weather-news/timeline-where-when-major-us-cities-impacts-noreaster,Timeline: Where and when you will see impacts from the strengthening nor'easter this weekend,0.000412,0.000031,0.000148,0.000130,0.000172,0.000056,0.000026,0.000000,100.000000,0.000000
Fox News,en,2026-09-25T16:39:56.855376+00:00,https://www.foxnews.com/video/6405553869112,She Showed Up At Jim Norton's Door...He Said No! | The Craig Carton Show,0.000547,0.000020,0.000128,0.000101,0.000183,0.000035,0.000024,0.000000,100.000000,0.000000
Fox News,en,2026-09-25T16:39:56.855376+00:00,https://www.foxnews.com/video/6405573081112,Tomi Lahren Asks Rep. Lauren Boebert About Staff Affair Rumors Media Ran With | Tomi Lahren is Fearless,0.000389,0.000054,0.000345,0.000202,0.000461,0.000051,0.000029,0.000000,100.000000,0.000000
Fox News,en,2026-09-25T16:39:56.855376+00:00,https://www.foxnews.com/video/6405548637112,Dan Le Batard Is A Total HYPOCRITE While Attacking ESPN For Hiring White People | Don't @ Me w/ Dan Dakich,0.943939,0.009565,0.101078,0.025212,0.578834,0.003470,0.004213,0.000000,0.000000,100.000000
Fox News,en,2026-09-25T16:39:56.855376+00:00,https://www.foxnews.com/video/6405522773112,"The Ingraham Angle - Wednesday, September 23",0.000495,0.000054,0.000491,0.000155,0.000633,0.000052,0.000037,0.000000,100.000000,0.000000
Fox News,en,2026-09-25T16:39:56.855376+00:00,https://www.foxnews.com/world/former-syrian-president-assad-sentenced-death-absentia,Former Syrian President Assad sentenced to death in absentia,0.069252,0.000142,0.000565,0.004844,0.002111,0.013884,0.000136,0.000000,0.000000,100.000000
Fox News,en,2026-09-25T16:39:56.855376+00:00,https://www.foxnews.com/politics/watch-hearing-turmoil-jasmine-crockett-unloads-mlks-niece-wild-racially-charged-rant,WATCH: Hearing turmoil as Jasmine Crockett unloads on MLK's niece in wild racially-charged rant,0.072503,0.000056,0.000450,0.000514,0.025029,0.000990,0.000693,0.000000,0.000000,100.000000
Fox News,en,2026-09-25T16:39:56.855376+00:00,https://www.foxnews.com/outkick-sports/stefon-diggs-felony-strangulation-trial-begins-nfl-receiver-denying-everything,Stefon Diggs felony strangulation trial begins with NFL receiver denying everything,0.002047,0.000022,0.000231,0.000138,0.000498,0.000069,0.000064,0.000000,0.000000,100.000000
Fox News,en,2026-09-25T16:39:56.855376+00:00,https://www.foxnews.com/sports/identities-revealed-pickleball-players-died-plane-crash-traveling-tournament,Identities of pickleball players killed in plane crash on way to tournament released,0.003192,0.000043,0.000310,0.000270,0.000366,0.000183,0.000039,0.000000,0.000000,100.000000
Fox News,en,2026-09-25T16:39:56.855376+00:00,https://www.foxnews.com/media/social-worker-sues-after-she-says-she-refused-conceal-students-gender-transitions-from-parents,Social worker sues after she says she refused to conceal students’ gender transitions from parents,0.006563,0.000030,0.000172,0.001157,0.000896,0.000097,0.000307,0.000000,0.000000,100.000000
Fox News,en,2026-09-25T16:39:56.855376+00:00,https://www.foxnews.com/media/rahm-emanuel-touts-separates-himself-dems-mulls-2028-presidential-bid,Rahm Emanuel touts what separates himself from other Dems as he mulls 2028 presidential bid,0.000851,0.000018,0.000147,0.000101,0.000389,0.000030,0.000021,0.000000,100.000000,0.000000
Fox News,en,2026-09-25T16:39:56.855376+00:00,https://www.foxnews.com/media/backlash-erupts-hasan-piker-speaking-engagement-cornell,Backlash erupts over Hasan Piker’s upcoming speaking engagement at Cornell,0.000439,0.000029,0.000172,0.000107,0.000271,0.000048,0.000023,0.000000,0.000000,100.000000
Fox News,en,2026-09-25T16:39:56.855376+00:00,https://www.foxnews.com/politics/dem-senate-hopeful-dished-out-thousands-radical-staffer-glorified-hamas-freedom-fighters,Dem Senate hopeful dished out thousands to radical staffer who glorified Hamas: 'Freedom fighters',0.019068,0.000025,0.000307,0.000944,0.006506,0.000128,0.000074,0.000000,0.000000,100.000000
Fox News,en,2026-09-25T16:39:56.855376+00:00,https://www.foxnews.com/media/activist-teachers-palestinian-identity-claims-unravel-admits-white-woman-privilege,Activist teacher’s Palestinian identity claims unravel as she admits being a ‘White woman’ of privilege,0.156727,0.001583,0.002380,0.152315,0.010621,0.001062,0.002627,0.000000,100.000000,0.000000
Fox News,en,2026-09-25T16:39:56.855376+00:00,https://www.foxnews.com/opinion/ambassador-jeff-bartos-un-must-abandon-anti-american-anti-western-legacy-durban-conference,"Ambassador Jeff Bartos: UN must abandon anti-American, anti-Western legacy of Durban Conference",0.002731,0.000023,0.000136,0.000522,0.000598,0.000045,0.000022,0.000000,0.000000,100.000000
Fox News,en,2026-09-25T16:39:56.855376+00:00,https://www.foxnews.com/politics/trump-revives-supreme-court-immigration-showdown-hochul-pardon-torpedoed-first-case,Trump revives Supreme Court immigration showdown after Hochul pardon torpedoed first case,0.000395,0.000022,0.000121,0.000087,0.000195,0.000035,0.000022,0.000000,0.000000,100.000000
Fox News,en,2026-09-25T16:39:56.855376+00:00,https://www.foxnews.com/politics/mike-lee-explodes-voting-error-keeps-happening-huge-number-noncitizens-found-rolls,WATCH: Mike Lee explodes on voting error that 'keeps happening' as huge number of noncitizens found on rolls,0.006311,0.000016,0.000215,0.000224,0.002038,0.000063,0.000034,0.000000,0.000000,100.000000
Fox News,en,2026-09-25T16:39:56.855376+00:00,https://www.foxnews.com/politics/umass-dartmouth-football-murder-suspect-overstayed-tourist-visa-received-deferred-action-federal-sources,"UMass Dartmouth football murder suspect overstayed tourist visa, received deferred action: federal sources",0.011313,0.000100,0.001611,0.000408,0.002719,0.000330,0.000343,0.000000,0.000000,100.000000
Fox News,en,2026-09-25T16:39:56.855376+00:00,https://www.foxnews.com/media/turning-point-usa-fires-back-ice-shooting-lawyer-over-deleted-charlie-kirk-post,Turning Point USA fires back at ICE shooting lawyer over deleted Charlie Kirk post,0.007844,0.000065,0.000274,0.000395,0.000466,0.001636,0.000070,0.000000,0.000000,100.000000
Fox News,en,2026-09-25T16:39:56.855376+00:00,https://www.foxnews.com/entertainment/meghan-markles-future-depends-netflix-rescues-royals-ringside-seat-experts,Meghan Markle's future depends on Netflix rescue as royals have 'ringside seat': experts,0.000886,0.000020,0.000160,0.000134,0.000334,0.000040,0.000037,0.000000,100.000000,0.000000
Fox News,en,2026-09-25T16:39:56.855376+00:00,https://www.foxnews.com/entertainment/prince-andrews-jeffrey-epstein-link-disgraced-duke-petrified-step-foot,Prince Andrew's Jeffrey Epstein link has disgraced duke 'petrified' to step foot on US soil: expert,0.021983,0.000042,0.001116,0.000202,0.009878,0.000139,0.000167,0.000000,0.000000,100.000000
Fox News,en,2026-09-25T16:39:56.855376+00:00,https://www.foxnews.com/entertainment/prince-harry-warned-keep-head-down-president-trump-suggests-safe-deportation-experts,Prince Harry warned to keep head down after President Trump suggests he's safe from deportation: experts,0.001643,0.000012,0.000082,0.000143,0.000475,0.000049,0.000021,0.000000,100.000000,0.000000
Fox News,en,2026-09-25T16:39:56.855376+00:00,https://www.foxnews.com/entertainment/princess-anne-admits-hospital-staff-had-fill-the-blanks-after-suffering-concussion-memory-loss,"Princess Anne admits hospital staff had to fill in 'the blanks’ after suffering concussion, memory loss",0.002079,0.000035,0.000143,0.000169,0.000519,0.000098,0.000051,0.000000,0.000000,100.000000
Newsmax,en,2026-09-25T16:39:58.870371+00:00,https://newsmax.com/newsfront/china-trade-xi-jinping/2026/09/25/id/1270682/,Trump Hails Xi Talks as Trade Details Expected,0.000458,0.000028,0.000155,0.000114,0.000228,0.000044,0.000027,0.000000,0.000000,100.000000
Newsmax,en,2026-09-25T16:39:58.870371+00:00,https://newsmax.com/mclaughlin/economic-hispanic-moderates-voters/2026/09/25/id/1270654/,McLaughlin Poll: Danger As Voters Embrace Socialism,0.002722,0.000028,0.000378,0.000181,0.000907,0.000060,0.000058,0.000000,0.000000,100.000000
Newsmax,en,2026-09-25T16:39:58.870371+00:00,https://newsmax.com/world/globaltalk/israel-benjamin-netanyahu-donald-trump/2026/09/24/id/1270582/,Netanyahu Praises Trump's 'Bold Leadership' at UN,0.000366,0.000026,0.000143,0.000086,0.000188,0.000037,0.000027,100.000000,0.000000,0.000000
Newsmax,en,2026-09-25T16:39:58.870371+00:00,https://newsmax.com/newsfront/denmark-russia-warfare/2026/09/25/id/1270634/,Denmark: Russia Will Escalate Hybrid War in Coming Months,0.000348,0.000038,0.000178,0.000157,0.000180,0.000054,0.000028,0.000000,100.000000,0.000000
Newsmax,en,2026-09-25T16:39:58.870371+00:00,https://newsmax.com/newsfront/database-noncitizen-voters-donald-trump/2026/09/25/id/1270693/,High Court Lifts Block on Trump Voter Database,0.000991,0.000028,0.000161,0.000130,0.000317,0.000117,0.000032,0.000000,0.000000,100.000000
Newsmax,en,2026-09-25T16:39:58.870371+00:00,https://newsmax.com/newsfront/zelenskyy-donald-trump-ukraine/2026/09/25/id/1270641/,Zelenskyy: Trump Made 'Final Decision' to Give Ukraine Patriot License,0.000485,0.000031,0.000164,0.000130,0.000228,0.000048,0.000024,0.000000,100.000000,0.000000
Newsmax,en,2026-09-25T16:39:58.870371+00:00,https://newsmax.com/politics/gop-campaign-advertising/2026/09/25/id/1270667/,FT: GOP Will Outstrip Democrats and Spending Over Next 6 Weeks,0.001752,0.000024,0.000144,0.000240,0.000408,0.000090,0.000028,0.000000,100.000000,0.000000
Newsmax,en,2026-09-25T16:39:58.870371+00:00,https://newsmax.com/politics/pentagon-congress-defense-plan/2026/09/25/id/1270687/,Pentagon Presses Congress on $1.5 Trillion Defense Plan,0.000364,0.000028,0.000171,0.000093,0.000216,0.000042,0.000025,0.000000,100.000000,0.000000
Newsmax,en,2026-09-25T16:39:58.870371+00:00,https://newsmax.com/politics/siena-poll-abdul-el-sayed-mike-rogers/2026/09/25/id/1270685/,Poll: El-Sayed Leads Rogers by 5 Points in Michigan,0.000265,0.000046,0.000301,0.000140,0.000341,0.000047,0.000032,0.000000,100.000000,0.000000
Newsmax,en,2026-09-25T16:39:58.870371+00:00,https://newsmax.com/us/ai-poll-artificial-intelligence/2026/09/24/id/1270574/,"CNN Poll: 3 in 4 Americans Fearful, Concerned About AI",0.002523,0.000031,0.000148,0.000737,0.000452,0.000043,0.000020,0.000000,0.000000,100.000000
Newsmax,en,2026-09-25T16:39:58.870371+00:00,https://newsmax.com/world/globaltalk/iran-donald-trump-strait-of-hormuz/2026/09/25/id/1270651/,Iran Offers to Reopen Strait of Hormuz Within a Week,0.000709,0.000033,0.000193,0.000232,0.000258,0.000079,0.000031,0.000000,100.000000,0.000000
Newsmax,en,2026-09-25T16:39:58.870371+00:00,https://newsmax.com/us/cnn-tv-networks-coverage/2026/09/25/id/1270676/,TV Networks to Resume Coverage of Trump Events,0.000610,0.000020,0.000109,0.000124,0.000282,0.000030,0.000018,0.000000,100.000000,0.000000
Newsmax,en,2026-09-25T16:39:58.870371+00:00,https://newsmax.com/us/gen-z-religion-artificial-intelligence/2026/09/25/id/1270656/,Gen Z: 'Most Religious' Generation,0.000739,0.000035,0.000231,0.000292,0.000289,0.000042,0.000033,0.000000,100.000000,0.000000
Newsmax,en,2026-09-25T16:39:58.870371+00:00,https://newsmax.com/newsfront/china-trade-xi-jinping/2026/09/25/id/1270682/,Trump Hails Xi Talks as Trade Details Promised,0.000453,0.000027,0.000156,0.000111,0.000235,0.000045,0.000026,0.000000,0.000000,100.000000
Newsmax,en,2026-09-25T16:39:58.870371+00:00,https://newsmax.com/us/swift-observatory-nasa/2026/09/25/id/1270678/,"Spacecraft Fails to Reach NASA Telescope, Falls to Earth",0.000473,0.000046,0.000221,0.000186,0.000173,0.000081,0.000037,0.000000,0.000000,100.000000
Newsmax,en,2026-09-25T16:39:58.870371+00:00,https://newsmax.com/world/globaltalk/evan-gershkovich-arrest-russia/2026/09/25/id/1270680/,Evan Gershkovich: Arrest in Russia Was FSB Sting,0.000475,0.000054,0.000404,0.000181,0.000427,0.000053,0.000043,0.000000,0.000000,100.000000
Newsmax,en,2026-09-25T16:39:58.870371+00:00,https://newsmax.com/newsfront/documentary-decade-upheaval/2026/09/25/id/1270679/,Newsmax to Premiere 'Decade of Upheaval' Sunday,0.000375,0.000028,0.000159,0.000096,0.000215,0.000037,0.000024,0.000000,100.000000,0.000000
Newsmax,en,2026-09-25T16:39:58.870371+00:00,https://newsmax.com/world/globaltalk/trump-china-xi/2026/09/25/id/1270677/,Trump Told Xi That China Helping Iran Is Unacceptable,0.045298,0.000025,0.000154,0.021613,0.004873,0.000169,0.000043,0.000000,0.000000,100.000000
Newsmax,en,2026-09-25T16:39:58.870371+00:00,https://newsmax.com/world/globaltalk/france-french-military-emmanuel-macron/2026/09/25/id/1270674/,France Sends Troops to Guard Saudi Oil Hub,0.000480,0.000034,0.000120,0.000207,0.000129,0.000065,0.000027,0.000000,100.000000,0.000000
Newsmax,en,2026-09-25T16:39:58.870371+00:00,https://newsmax.com/finance/streettalk/federal-reserve-bank-oversight-thresholds/2026/09/25/id/1270663/,Fed Plans to Raise Bank Oversight Thresholds,0.000399,0.000023,0.000114,0.000097,0.000170,0.000036,0.000022,0.000000,100.000000,0.000000
Newsmax,en,2026-09-25T16:39:58.870371+00:00,https://newsmax.com/newsfront/pope-leo-france-ai/2026/09/25/id/1270638/,Pope Leo: AI Is Creating 'Paradise of Machines',0.000737,0.000039,0.000212,0.000202,0.000229,0.000049,0.000049,0.000000,100.000000,0.000000
Newsmax,en,2026-09-25T16:39:58.870371+00:00,https://newsmax.com/newsfront/serbia-vucic-trump/2026/09/24/id/1270538/,Serbia's Vučić Praises Trump Leadership,0.000420,0.000040,0.000325,0.000164,0.000476,0.000042,0.000034,100.000000,0.000000,0.000000
Newsmax,en,2026-09-25T16:39:58.870371+00:00,https://newsmax.com/newsfront/misgav-adi-schwartz-asher-fredman/2026/09/24/id/1270560/,Study Finds 'Anti-Israel Ecosystem' Across UN,0.000655,0.000073,0.000423,0.000480,0.000412,0.000070,0.000038,0.000000,100.000000,0.000000
Newsmax,en,2026-09-25T16:39:58.870371+00:00,https://newsmax.com/politics/new-jersey-governor-mikie-sherrill/2026/09/25/id/1270646/,N.J. Gov. Sherrill Calls on Lt. Gov. Caldwell to Resign,0.000440,0.000064,0.000493,0.000237,0.000675,0.000070,0.000037,0.000000,100.000000,0.000000
Newsmax,en,2026-09-25T16:39:58.870371+00:00,https://newsmax.com/world/globaltalk/greece-explosion-athens-plaka-acropolis/2026/09/25/id/1270690/,"Blast near Acropolis in Greece Injures 2, Collapses a Building. Local Media Say Gas Leak Suspected",0.001168,0.000037,0.000220,0.000170,0.000279,0.000130,0.000032,0.000000,0.000000,100.000000
Newsmax,en,2026-09-25T16:39:58.870371+00:00,https://newsmax.com/world/globaltalk/ethiopia-tigray-fighting-tplf/2026/09/25/id/1270689/,Ethiopia Risks a Wider War. Here Are 5 Things to Know,0.003446,0.000035,0.000140,0.001564,0.000312,0.000184,0.000028,0.000000,0.000000,100.000000
Newsmax,en,2026-09-25T16:39:58.870371+00:00,https://newsmax.com/world/globaltalk/us-health-funding-ends-data-sharing-dispute/2026/09/25/id/1270688/,A Data-sharing Clause Derailed US-Zimbabwe Health Talks. Now All Funding Ends This Month,0.000386,0.000025,0.000142,0.000102,0.000204,0.000037,0.000021,0.000000,100.000000,0.000000
Newsmax,en,2026-09-25T16:39:58.870371+00:00,https://newsmax.com/newsmax-tv/gordon-chang-donald-trump-china/2026/09/25/id/1270673/,"Gordon Chang to Newsmax: Trump-Xi Trade Truce Buys Time, Solves Little",0.000495,0.000020,0.000137,0.000091,0.000259,0.000034,0.000020,0.000000,100.000000,0.000000
Newsmax,en,2026-09-25T16:39:58.870371+00:00,https://newsmax.com/world/globaltalk/iran-us-war-negotiations-strait-hormuz/2026/09/25/id/1270671/,Iran Has Suggested a Deal to Reopen the Strait of Hormuz in 7 Days,0.000487,0.000033,0.000192,0.000192,0.000211,0.000061,0.000027,100.000000,0.000000,0.000000
Newsmax,en,2026-09-25T16:39:58.870371+00:00,https://newsmax.com/newsfront/ukraine-russia-volodymyr-zelenskyy/2026/09/25/id/1270665/,"Zelenskyy: US Proposes Meet With Ukraine, Russia in UAE",0.000250,0.000050,0.000273,0.000160,0.000248,0.000049,0.000038,0.000000,100.000000,0.000000
Newsmax,en,2026-09-25T16:39:58.870371+00:00,https://newsmax.com/world/globaltalk/prague-zoo-cheetah-cubs-quintuplets/2026/09/25/id/1270659/,"Cheetah Cubs at Prague Zoo Doing Well After Period of Strong Storms, Mother's Illness",0.001945,0.000046,0.000244,0.000346,0.000522,0.000096,0.000086,100.000000,0.000000,0.000000
Newsmax,en,2026-09-25T16:39:58.870371+00:00,https://newsmax.com/world/globaltalk/russia-parliament-election-duma-putin-ukraine/2026/09/25/id/1270658/,Final Results of Russia's Election Show the Kremlin Party Won a Record Number of Parliament Seats,0.000362,0.000036,0.000213,0.000136,0.000252,0.000041,0.000030,0.000000,100.000000,0.000000
Newsmax,en,2026-09-25T16:39:58.870371+00:00,https://newsmax.com/newsmax-tv/kat-cammack-u-s-hardball/2026/09/25/id/1270653/,Rep. Kat Cammack to Newsmax: Play Hardball With China,0.000925,0.000036,0.000289,0.000207,0.000458,0.000080,0.000040,0.000000,100.000000,0.000000
Newsmax,en,2026-09-25T16:39:58.870371+00:00,https://newsmax.com/world/globaltalk/cia-warning-russia/2026/09/25/id/1270650/,CIA Reportedly Warns Russia Preparing Drone Attacks Across Europe,0.002757,0.000057,0.000203,0.000959,0.000290,0.000245,0.000040,0.000000,0.000000,100.000000
Newsmax,en,2026-09-25T16:39:58.870371+00:00,https://newsmax.com/world/globaltalk/russia-ukraine-war-zelenskyy-putin-trump-xi/2026/09/25/id/1270645/,Ukraine's Zelenskyy Says he Urged Trump to Enlist China's Help in Ending Russia's Invasion,0.000913,0.000024,0.000130,0.000206,0.000243,0.000038,0.000019,0.000000,0.000000,100.000000
Newsmax,en,2026-09-25T16:39:58.870371+00:00,https://newsmax.com/world/globaltalk/mestersvig-arctic-outpost-us/2026/09/25/id/1270639/,US Defense Deal Opens Door to New Greenland Base,0.000323,0.000038,0.000191,0.000118,0.000169,0.000059,0.000030,0.000000,100.000000,0.000000
Newsmax,en,2026-09-25T16:39:58.870371+00:00,https://newsmax.com/platinum/vladimir-putin-russia-ukraine/2026/09/15/id/1269477/,Putin's Peace Talks Seen as Sanctions Ploy,0.000610,0.000015,0.000112,0.000076,0.000322,0.000023,0.000020,0.000000,0.000000,100.000000
Newsmax,en,2026-09-25T16:39:58.870371+00:00,https://newsmax.com/world/globaltalk/trump-media-ban-judge-ruling/2026/09/25/id/1270637/,Pope Leo: Journalists 'All Welcome' to Cover Him,0.001656,0.000031,0.000207,0.000270,0.000554,0.000045,0.000048,100.000000,0.000000,0.000000
Newsmax,en,2026-09-25T16:39:58.870371+00:00,https://newsmax.com/world/globaltalk/ethiopia-tigray-fighting-tplf/2026/09/25/id/1270635/,Residents of Largest City in Northern Ethiopia Express Fear after Eruption of Fighting,0.000837,0.000035,0.000201,0.000272,0.000256,0.000077,0.000029,0.000000,0.000000,100.000000
Newsmax,en,2026-09-25T16:39:58.870371+00:00,https://newsmax.com/world/globaltalk/israel-gaza-houthis-saudi-iran-yemen-september-25-2026/2026/09/25/id/1270633/,"Top Saudi Cleric Urges Troops to Defend against the Houthis, and Other Mideast Developments",0.000770,0.000035,0.000148,0.000282,0.000212,0.000063,0.000024,0.000000,100.000000,0.000000
Newsmax,en,2026-09-25T16:39:58.870371+00:00,https://newsmax.com/platinum/media-ban-donald-trump/2026/09/24/id/1270579/,Trump Ban Rekindles Long Battle Over Press Access,0.003097,0.000033,0.000355,0.000213,0.000840,0.000191,0.000057,0.000000,0.000000,100.000000
Newsmax,en,2026-09-25T16:39:58.870371+00:00,https://newsmax.com/platinum/thomas-jefferson-1787-letter/2026/09/18/id/1269945/,Jefferson's Warning for Young America Up for Sale,0.000535,0.000020,0.000122,0.000103,0.000219,0.000033,0.000021,0.000000,100.000000,0.000000
New York Post,en,2026-09-25T16:39:59.083421+00:00,https://nypost.com/2026/09/25/sports/jaxson-dart-getting-early-surgery-as-he-shoots-for-patrick-mahomes-like-return/,Jaxson Dart makes surprise surgery decision as he shoots for Patrick Mahomes-like return,0.052200,0.000156,0.000580,0.000506,0.001761,0.026572,0.000319,0.000000,100.000000,0.000000
New York Post,en,2026-09-25T16:39:59.083421+00:00,https://nypost.com/2026/09/25/us-news/frat-leaders-arrested-after-cops-found-dozens-of-nearly-naked-teens-in-dingy-basement-in-suspected-hazing-incident/,"Hazed & confused
Frat leaders arrested after cops found dozens of nearly naked teens in dingy basement in suspected hazing incident",0.025916,0.000097,0.003011,0.000282,0.005060,0.000263,0.004315,0.000000,0.000000,100.000000
New York Post,en,2026-09-25T16:39:59.083421+00:00,https://nypost.com/2026/09/25/us-news/noreaster-threatens-nyc-east-coast-live-updates-on-the-storm-photos-reactions/,"Dark & stormy
Nor’easter threatens NYC, NJ, LI with dangerous winds of up to 70 mph, flooding, power outages",0.001130,0.000029,0.000155,0.000157,0.000359,0.000068,0.000026,0.000000,0.000000,100.000000
New York Post,en,2026-09-25T16:39:59.083421+00:00,https://nypost.com/2026/09/25/business/sam-altman-mark-zuckerberg-other-billionaires-at-trump-xi-dinner/,"Rubbing elbows
From Sam Altman to Mark Zuckerberg: All the tech billionaires at the Trump-Xi dinner",0.006900,0.000035,0.000546,0.000095,0.002033,0.000360,0.000211,0.000000,0.000000,100.000000
New York Post,en,2026-09-25T16:39:59.083421+00:00,https://nypost.com/2026/09/25/us-news/gold-digging-mole-people-busted-for-diving-into-manhole-near-nyc-hotel/,"What lies underneath
Gold-digging ‘mole people’ busted for diving into manhole near NYC hotel",0.066603,0.000061,0.002168,0.000408,0.036375,0.000233,0.000308,0.000000,0.000000,100.000000
New York Post,en,2026-09-25T16:39:59.083421+00:00,https://nypost.com/2026/09/25/lifestyle/charming-ny-village-was-just-named-the-nicest-place-in-the-us/,"Slice of heaven
Charming Upstate NY village was just named the nicest place in the US",0.000647,0.000026,0.000171,0.000131,0.000227,0.000031,0.000021,100.000000,0.000000,0.000000
New York Post,en,2026-09-25T16:39:59.083421+00:00,https://nypost.com/2026/09/25/us-news/pittsburgh-doctor-idris-evans-called-out-attacker-by-name-before-he-was-stabbed-to-death-docs/,"Heinous crime
Pittsburgh doctor called out semi-naked attacker by name before he was stabbed to death in bed: court docs",0.112571,0.000141,0.000423,0.001114,0.001059,0.022529,0.000793,0.000000,0.000000,100.000000
New York Post,en,2026-09-25T16:39:59.083421+00:00,https://nypost.com/2026/09/25/sports/one-packers-fan-was-in-hell-as-team-collapsed-as-tucker-kraft-whines-about-boos/,"Green-eye monster
One Packers fan was in hell as team collapsed — while star player whines about boos",0.214453,0.000204,0.014751,0.000507,0.081530,0.000770,0.000686,0.000000,0.000000,100.000000
New York Post,en,2026-09-25T16:39:59.083421+00:00,https://nypost.com/2026/09/25/entertainment/jodie-turner-smith-accused-of-funding-brothers-illegal-drug-operation-in-lawsuit/,"Secret stash
‘Queen & Slim’ star allegedly funded firearms, sex parties and a drug trafficking operation: suit",0.441512,0.000476,0.006708,0.000800,0.015275,0.001005,0.289032,0.000000,0.000000,100.000000
New York Post,en,2026-09-25T16:39:59.083421+00:00,https://pagesix.com/2026/09/25/celebrity-news/gia-giudice-breaks-silence-on-being-calm-peacemaker-in-sister-milanias-airport-drama/,"Keeping it together
Gia Giudice breaks silence on being ‘calm peacemaker’ in sister Milania’s airport drama",0.001026,0.000069,0.000772,0.000248,0.001187,0.000058,0.000090,0.000000,0.000000,100.000000
New York Post,en,2026-09-25T16:39:59.083421+00:00,https://pagesix.com/2026/09/25/entertainment/taylor-swift-drops-raunchiest-lyric-since-wood-in-travis-kelce-inspired-cleveland/,"New heights
Taylor Swift drops raunchiest lyric since ‘Wood’ in Travis Kelce-inspired ‘Cleveland!’",0.001353,0.000019,0.000182,0.000130,0.000648,0.000027,0.000026,100.000000,0.000000,0.000000
New York Post,en,2026-09-25T16:39:59.083421+00:00,https://nypost.com/2026/09/25/world-news/miss-jamaica-sues-miss-universe-as-she-claims-brutal-stage-fall-permanently-altered-her-life/,"Following suit
Beauty queen sues Miss Universe after brutal stage fall left her with brain injury and ‘permanently altered’ her life",0.009170,0.000089,0.000324,0.000672,0.001121,0.000491,0.000374,0.000000,0.000000,100.000000
New York Post,en,2026-09-25T16:39:59.083421+00:00,https://nypost.com/2026/09/25/us-news/nyc-council-drops-plan-to-auto-enroll-in-benefits-over-immigrant-privacy-fears/,"Taking precaution
NYC Council drops plan to auto-enroll in benefits over immigrant privacy fears",0.000714,0.000018,0.000085,0.000161,0.000223,0.000033,0.000018,0.000000,100.000000,0.000000
New York Post,en,2026-09-25T16:39:59.083421+00:00,https://nypost.com/2026/09/25/sports/espn-analyst-jalen-brunson-isnt-nbas-sixth-best-player-hes-much-worse/,"Not so fast
ESPN analyst has shocking take on Jalen Brunson’s ranking among NBAers",0.000480,0.000026,0.000167,0.000105,0.000272,0.000032,0.000022,0.000000,0.000000,100.000000
New York Post,en,2026-09-25T16:39:59.083421+00:00,https://nypost.com/2026/09/25/real-estate/joe-jonas-finds-a-buyer-for-his-6-75m-nyc-condo/,"Burnin' up
Joe Jonas finds a buyer for his $6.75M NYC home — as Taylor Swift drops a song that fans swear is about him",0.001458,0.000019,0.000194,0.000127,0.000389,0.000041,0.000027,0.000000,100.000000,0.000000
New York Post,en,2026-09-25T16:39:59.083421+00:00,https://nypost.com/2026/09/25/business/inside-kalshi-ceo-tarek-mansours-testy-relationship-with-indian-casinos-and-how-it-could-pose-an-existential-threat-lying-little-twerp/,"'Lying little twerp'
Inside Kalshi CEO’s testy relationship with Indian casinos — and how it could pose an existential threat",0.004753,0.000027,0.000499,0.000200,0.002717,0.000057,0.000042,0.000000,0.000000,100.000000
New York Post,en,2026-09-25T16:39:59.083421+00:00,https://nypost.com/2026/09/25/sports/patriots-christian-gonzalez-appears-to-be-dating-influencer-after-sideline-appearance/,"Hot couple alert
Patriots’ new $135 million star appears to be dating influencer after sideline appearance",0.000488,0.000024,0.000173,0.000092,0.000251,0.000036,0.000037,0.000000,100.000000,0.000000
New York Post,en,2026-09-25T16:39:59.083421+00:00,https://pagesix.com/2026/09/25/entertainment/former-swan-contestants-detail-the-horrors-behind-most-sadistic-reality-show/,"Broken mirror
Ex-‘Swan’ contestants detail the horrors behind ‘most sadistic’ reality show: ‘I almost died’",0.019504,0.000036,0.000539,0.000649,0.006027,0.000054,0.000073,0.000000,0.000000,100.000000
New York Post,en,2026-09-25T16:39:59.083421+00:00,https://nypost.com/2026/09/25/sports/matt-lafleur-hot-seat-warming-after-packers-tnf-disaster/,"Fumbling season away
Packers coach’s hot seat warming after primetime disaster",0.000924,0.000017,0.000132,0.000083,0.000383,0.000029,0.000019,0.000000,0.000000,100.000000
New York Post,en,2026-09-25T16:39:59.083421+00:00,https://pagesix.com/2026/09/25/royal-family/why-kate-middleton-wont-be-the-peacekeeper-between-prince-william-and-prince-harry-doc/,"Royal truce maker
Why Kate Middleton won’t swoop in as ‘peacemaker’ to ‘thaw’ Prince William, Prince Harry’s ‘iciness’: doc",0.007166,0.000061,0.001357,0.000265,0.004510,0.000102,0.000169,0.000000,0.000000,100.000000
New York Post,en,2026-09-25T16:39:59.083421+00:00,https://nypost.com/2026/09/24/opinion/michael-goodwin-netanyahu-entered-a-hostile-environment-and-met-the-moment-with-a-speech-that-can-only-be-called-a-success/,"Giving meaning
Netanyahu entered a hostile environment — and met the moment with a speech that can only be called a success",0.000665,0.000025,0.000192,0.000118,0.000332,0.000038,0.000023,100.000000,0.000000,0.000000
New York Post,en,2026-09-25T16:39:59.083421+00:00,https://nypost.com/shopping/early-amazon-prime-big-deal-days-tv-deals-2026/,"Football won’t wait, and you shouldn’t either: Early October Prime Day TV deals are here",0.000508,0.000025,0.000161,0.000100,0.000228,0.000042,0.000027,0.000000,100.000000,0.000000
New York Post,en,2026-09-25T16:39:59.083421+00:00,https://nypost.com/article/best-engagement-rings-online/,Say ‘I do’ to one of the best places to buy engagement rings — jewelry experts weigh in,0.000523,0.000025,0.000191,0.000096,0.000217,0.000031,0.000031,100.000000,0.000000,0.000000
New York Post,en,2026-09-25T16:39:59.083421+00:00,https://nypost.com/2026/09/25/shopping/save-70-on-the-air-purfier-users-say-helps-them-breathe-again/,Heading indoors for fall? This device is helping people ‘breathe again’ — and it’s $70 off,0.000873,0.000020,0.000169,0.000098,0.000300,0.000045,0.000023,100.000000,0.000000,0.000000
New York Post,en,2026-09-25T16:39:59.083421+00:00,https://nypost.com/2026/09/25/science/treasure-seeker-with-metal-detector-discovers-record-shattering-viking-age-fortune/,"Solid gold
Treasure seeker with metal detector discovers record-shattering Viking Age fortune",0.000503,0.000040,0.000225,0.000158,0.000234,0.000041,0.000028,0.000000,100.000000,0.000000
New York Post,en,2026-09-25T16:39:59.083421+00:00,https://nypost.com/2026/09/25/sports/underage-san-diego-padres-star-soaked-in-alcohol-by-teammates-after-clinching-playoff-spot/,"Show some ID
Underage MLB star soaked in alcohol by teammates after clinching playoff spot",0.001045,0.000023,0.000157,0.000141,0.000230,0.000052,0.000028,0.000000,0.000000,100.000000
New York Post,en,2026-09-25T16:39:59.083421+00:00,https://nypost.com/2026/09/25/business/why-jpmorgan-has-given-up-predicting-what-the-oil-markets-will-do-next/,"Spilling over
Why JPMorgan has given up predicting what the oil markets will do next",0.000719,0.000024,0.000182,0.000096,0.000306,0.000034,0.000024,0.000000,0.000000,100.000000
New York Post,en,2026-09-25T16:39:59.083421+00:00,https://decider.com/2026/06/17/13-best-stephen-king-shows-and-movies-to-watch-after-widows-bay/,13 Best Stephen King Shows and Movies to Watch After the ‘Widow’s Bay’ Finale,0.000231,0.000057,0.000313,0.000172,0.000387,0.000051,0.000039,0.000000,100.000000,0.000000
New York Post,en,2026-09-25T16:39:59.083421+00:00,https://decider.com/2026/09/09/ted-lasso-season-4-episode-6-recap/,"‘Ted Lasso’ Season 4, Episode 6 Recap: Children by the Millions Scream for Alice Chilton When She Comes Around",0.000546,0.000020,0.000139,0.000098,0.000279,0.000023,0.000022,0.000000,100.000000,0.000000
New York Post,en,2026-09-25T16:39:59.083421+00:00,https://decider.com/2026/09/10/supergirl-ending-explained-is-there-a-post-credits-scene/,‘Supergirl’ Ending Explained: How The DC Movie (Now on HBO Max!) Differs From Book ‘Woman of Tomorrow’,0.000301,0.000530,0.002985,0.000664,0.002956,0.000250,0.000474,0.000000,100.000000,0.000000
New York Post,en,2026-09-25T16:39:59.083421+00:00,https://nypost.com/video/moment-military-jet-roars-over-trump-xi-trumps-priceless-reaction-steals-the-show/,Moment military jet roars over Trump & Xi — Trump’s priceless reaction steals the show,0.002417,0.000018,0.000151,0.000083,0.000900,0.000071,0.000031,0.000000,0.000000,100.000000
New York Post,en,2026-09-25T16:39:59.083421+00:00,https://nypost.com/video/five-things-knicks-need-to-do-this-season-to-be-back-to-back-champions-ny-got-game/,Five Things Knicks Need To Do This Season To Be Back-To-Back Champions | NY Got Game,0.000393,0.000035,0.000149,0.000152,0.000136,0.000052,0.000027,0.000000,100.000000,0.000000
New York Post,en,2026-09-25T16:39:59.083421+00:00,https://nypost.com/video/taylor-swifts-new-album-shocks-fans-the-low-down/,Taylor Swift’s New Album SHOCKS Fans… | The Low Down,0.001642,0.002458,0.019947,0.003409,0.014385,0.000856,0.000559,0.000000,100.000000,0.000000
NBC News,en,2026-09-25T16:39:57.065265+00:00,https://www.nbcnews.com/select/shopping/what-walmart-plus-rcna263677,How does Walmart+ compare to Amazon Prime? Here's what to know,0.000497,0.000023,0.000151,0.000108,0.000240,0.000033,0.000021,0.000000,100.000000,0.000000
NBC News,en,2026-09-25T16:39:57.065265+00:00,https://www.nbcnews.com/select/shopping/target-circle-deal-days-announcement-fall-2026-rcna598182,Target Circle Week is coming back this fall — here are the dates and more,0.000404,0.000023,0.000144,0.000099,0.000186,0.000033,0.000025,0.000000,100.000000,0.000000
NBC News,en,2026-09-25T16:39:57.065265+00:00,https://www.nbcnews.com/select/shopping/best-snow-blowers-rcna189830,How to shop for a snow blower before winter arrives,0.000596,0.000021,0.000126,0.000102,0.000215,0.000037,0.000019,0.000000,100.000000,0.000000
NBC News,en,2026-09-25T16:39:57.065265+00:00,https://www.nbcnews.com/select/shopping/best-tablets-rcna599725,"The best tablets for every day use, streaming, work and more",0.000439,0.000030,0.000281,0.000094,0.000298,0.000034,0.000029,100.000000,0.000000,0.000000
NBC News,en,2026-09-25T16:39:57.065265+00:00,https://www.nbcnews.com/politics/supreme-court/supreme-court-allows-trump-administration-use-expanded-database-potent-rcna596611,Supreme Court allows Trump administration to use expanded database for potential voter purges,0.000897,0.000017,0.000109,0.000086,0.000336,0.000032,0.000019,0.000000,100.000000,0.000000
NBC News,en,2026-09-25T16:39:57.065265+00:00,https://www.nbcnews.com/politics/2026-election/nbc-news-polling-averages-democrats-enjoy-biggest-lead-yet-race-congre-rcna599378,Inside NBC News’ polling averages: Democrats enjoy biggest lead yet in the race for Congress,0.000437,0.000021,0.000129,0.000088,0.000203,0.000032,0.000023,100.000000,0.000000,0.000000
NBC News,en,2026-09-25T16:39:57.065265+00:00,https://www.nbcnews.com/news/us-news/went-hospital-broken-ankle-end-dead-rcna591036,She went to the hospital for a broken ankle. Why did she end up dead?,0.002554,0.000040,0.000231,0.000105,0.000358,0.000518,0.000102,0.000000,0.000000,100.000000
NBC News,en,2026-09-25T16:39:57.065265+00:00,https://www.nbcnews.com/news/us-news/easter-set-hit-east-coast-friday-continue-weekend-rcna599806,Nor’easter set to hit East Coast today and continue through weekend,0.000336,0.000038,0.000179,0.000119,0.000165,0.000060,0.000030,100.000000,0.000000,0.000000
Washington Examiner,en,2026-09-25T16:39:58.535592+00:00,,,0.001447,0.000021,0.000167,0.000145,0.000693,0.000058,0.000021,0.000000,0.000000,100.000000
Washington Examiner,en,2026-09-25T16:39:58.535592+00:00,https://www.washingtonexaminer.com/section/opinion/,Opinion,0.000408,0.000032,0.000221,0.000096,0.000296,0.000053,0.000034,0.000000,100.000000,0.000000
Washington Examiner,en,2026-09-25T16:39:58.535592+00:00,https://www.washingtonexaminer.com/premium/4741032/massachusetts-lesbian-bar-mask-mandate-leftist-orthodoxy/,Liberals melt down over lesbian bar dropping mask mandate,0.778562,0.004388,0.008951,0.634615,0.109060,0.016095,0.026107,0.000000,0.000000,100.000000
Washington Examiner,en,2026-09-25T16:39:58.535592+00:00,https://www.washingtonexaminer.com/news/washington-secrets/4741203/white-house-report-card-panda-diplomacy-ai-differences/,ROB CRILLY: Panda diplomacy can’t hide AI differences,0.000550,0.000029,0.000186,0.000118,0.000257,0.000052,0.000026,0.000000,0.000000,100.000000
Washington Examiner,en,2026-09-25T16:39:58.535592+00:00,https://www.washingtonexaminer.com,Examiner Shorts,0.002594,0.000158,0.002281,0.000446,0.005345,0.000191,0.000108,0.000000,100.000000,0.000000
Washington Examiner,en,2026-09-25T16:39:58.535592+00:00,https://www.washingtonexaminer.com/section/news/investigations/,Investigations,0.000348,0.000269,0.002050,0.000436,0.001632,0.000220,0.000127,0.000000,100.000000,0.000000
Washington Examiner,en,2026-09-25T16:39:58.535592+00:00,https://www.washingtonexaminer.com/section/policy/economy/,Economy,0.000398,0.000035,0.000207,0.000123,0.000243,0.000053,0.000028,0.000000,100.000000,0.000000
Washington Examiner,en,2026-09-25T16:39:58.535592+00:00,https://www.washingtonexaminer.com/section/policy/energy-and-environment/,Energy and Environment,0.000294,0.000055,0.000388,0.000123,0.000345,0.000068,0.000041,0.000000,100.000000,0.000000
Washington Examiner,en,2026-09-25T16:39:58.535592+00:00,https://www.washingtonexaminer.com/section/news/world/,World,0.000379,0.000032,0.000215,0.000114,0.000241,0.000048,0.000027,0.000000,100.000000,0.000000
